siteName,patchName,treeName,year,species_name,dbh,status,status_before,mort_cause,reg,mort,living,complete
17_84974,17_84974_1,17_84974_1_100,2001,Tsuga mertensiana,53.086,dead,"","",,,,TRUE
17_84974,17_84974_1,17_84974_1_100,2011,Tsuga mertensiana,52.07,dead,dead,"",,,,TRUE
17_84974,17_84974_1,17_84974_1_100,2021,Tsuga mertensiana,50.8,dead,dead,"",,,,TRUE
17_84974,17_84974_1,17_84974_1_101,2001,Tsuga mertensiana,49.276,dead,"","",,,,TRUE
17_84974,17_84974_1,17_84974_1_101,2011,Tsuga mertensiana,48.768,dead,dead,"",,,,TRUE
17_84974,17_84974_1,17_84974_1_101,2021,Tsuga mertensiana,48.26,dead,dead,"",,,,TRUE
17_84974,17_84974_1,17_84974_1_102,2001,Tsuga mertensiana,59.436,new,"","",TRUE,,TRUE,TRUE
17_84974,17_84974_1,17_84974_1_102,2011,Tsuga mertensiana,60.452,alive,new,"",,,TRUE,TRUE
17_84974,17_84974_1,17_84974_1_102,2021,Tsuga mertensiana,60.96,alive,alive,"",,,TRUE,TRUE
17_84974,17_84974_1,17_84974_1_103,2001,Tsuga mertensiana,61.214,new,"","",TRUE,,TRUE,TRUE
17_84974,17_84974_1,17_84974_1_103,2011,Tsuga mertensiana,61.468,alive,new,"",,,TRUE,TRUE
17_84974,17_84974_1,17_84974_1_103,2021,Tsuga mertensiana,61.722,alive,alive,"",,,TRUE,TRUE
17_84974,17_84974_1,17_84974_1_104,2001,Tsuga mertensiana,69.088,new,"","",TRUE,,TRUE,TRUE
17_84974,17_84974_1,17_84974_1_104,2011,Tsuga mertensiana,69.342,dead,new,disease,,TRUE,,TRUE
17_84974,17_84974_1,17_84974_1_104,2021,Tsuga mertensiana,69.342,dead,dead,"",,,,TRUE
17_84974,17_84974_1,17_84974_1_106,2011,Tsuga mertensiana,13.716,dead,"",disease,,,,TRUE
17_84974,17_84974_1,17_84974_1_106,2021,Tsuga mertensiana,13.462,dead,dead,"",,,,TRUE
17_84974,17_84974_1,17_84974_1_119,2011,Tsuga mertensiana,14.224,new,"","",TRUE,,TRUE,TRUE
17_84974,17_84974_1,17_84974_1_119,2021,Tsuga mertensiana,16.256,alive,new,"",,,TRUE,TRUE
17_84974,17_84974_1,17_84974_1_129,2021,Pinus contorta,16.51,new,"","",TRUE,,TRUE,TRUE
17_84974,17_84974_1,17_84974_1_130,2021,Pinus contorta,17.272,new,"","",TRUE,,TRUE,TRUE
17_84974,17_84974_1,17_84974_1_131,2021,Pinus contorta,13.97,new,"","",TRUE,,TRUE,TRUE
17_84974,17_84974_2,17_84974_2_108,2001,Tsuga mertensiana,13.462,new,"","",TRUE,,TRUE,TRUE
17_84974,17_84974_2,17_84974_2_108,2011,Tsuga mertensiana,16.764,alive,new,"",,,TRUE,TRUE
17_84974,17_84974_2,17_84974_2_108,2021,Tsuga mertensiana,19.05,alive,alive,"",,,TRUE,TRUE
17_84974,17_84974_2,17_84974_2_109,2001,Tsuga mertensiana,83.82,dead,"","",,,,TRUE
17_84974,17_84974_2,17_84974_2_109,2011,Tsuga mertensiana,84.328,dead,dead,"",,,,TRUE
17_84974,17_84974_2,17_84974_2_111,2001,Tsuga mertensiana,71.882,new,"","",TRUE,,TRUE,TRUE
17_84974,17_84974_2,17_84974_2_111,2011,Tsuga mertensiana,72.898,alive,new,"",,,TRUE,TRUE
17_84974,17_84974_2,17_84974_2_111,2021,Tsuga mertensiana,74.168,alive,alive,"",,,TRUE,TRUE
17_84974,17_84974_2,17_84974_2_112,2001,Tsuga mertensiana,64.77,dead,"","",,,,TRUE
17_84974,17_84974_2,17_84974_2_112,2011,Tsuga mertensiana,61.214,dead,dead,"",,,,TRUE
17_84974,17_84974_2,17_84974_2_113,2001,Tsuga mertensiana,64.77,dead,"","",,,,TRUE
17_84974,17_84974_2,17_84974_2_113,2011,Tsuga mertensiana,64.262,dead,dead,"",,,,TRUE
17_84974,17_84974_2,17_84974_2_113,2021,Tsuga mertensiana,64.262,dead,dead,"",,,,TRUE
17_84974,17_84974_2,17_84974_2_114,2001,Tsuga mertensiana,65.532,new,"","",TRUE,,TRUE,TRUE
17_84974,17_84974_2,17_84974_2_114,2011,Tsuga mertensiana,67.056,alive,new,"",,,TRUE,TRUE
17_84974,17_84974_2,17_84974_2_114,2021,Tsuga mertensiana,68.072,alive,alive,"",,,TRUE,TRUE
17_84974,17_84974_2,17_84974_2_115,2001,Tsuga mertensiana,84.328,new,"","",TRUE,,TRUE,TRUE
17_84974,17_84974_2,17_84974_2_115,2011,Tsuga mertensiana,85.852,alive,new,"",,,TRUE,TRUE
17_84974,17_84974_2,17_84974_2_115,2021,Tsuga mertensiana,87.376,alive,alive,"",,,TRUE,TRUE
17_84974,17_84974_2,17_84974_2_116,2001,Tsuga mertensiana,60.96,new,"","",TRUE,,TRUE,TRUE
17_84974,17_84974_2,17_84974_2_116,2011,Tsuga mertensiana,62.484,alive,new,"",,,TRUE,TRUE
17_84974,17_84974_2,17_84974_2_116,2021,Tsuga mertensiana,64.008,alive,alive,"",,,TRUE,TRUE
17_84974,17_84974_2,17_84974_2_118,2001,Tsuga mertensiana,81.28,dead,"","",,,,TRUE
17_84974,17_84974_2,17_84974_2_118,2011,Tsuga mertensiana,76.2,dead,dead,"",,,,TRUE
17_84974,17_84974_2,17_84974_2_118,2021,Tsuga mertensiana,76.2,dead,dead,"",,,,TRUE
17_84974,17_84974_2,17_84974_2_119,2001,Tsuga mertensiana,62.992,new,"","",TRUE,,TRUE,TRUE
17_84974,17_84974_2,17_84974_2_119,2011,Tsuga mertensiana,62.738,dead,new,disease,,TRUE,,TRUE
17_84974,17_84974_2,17_84974_2_119,2021,Tsuga mertensiana,62.484,dead,dead,"",,,,TRUE
17_84974,17_84974_2,17_84974_2_120,2001,Tsuga mertensiana,67.564,new,"","",TRUE,,TRUE,TRUE
17_84974,17_84974_2,17_84974_2_120,2011,Tsuga mertensiana,67.31,dead,new,disease,,TRUE,,TRUE
17_84974,17_84974_2,17_84974_2_120,2021,Tsuga mertensiana,66.802,dead,dead,"",,,,TRUE
17_84974,17_84974_2,17_84974_2_142,2011,Abies shastensis,13.208,new,"","",TRUE,,TRUE,TRUE
17_84974,17_84974_2,17_84974_2_142,2021,Abies shastensis,16.256,alive,new,"",,,TRUE,TRUE
17_84974,17_84974_2,17_84974_2_152,2021,Abies shastensis,13.97,new,"","",TRUE,,TRUE,TRUE
17_84974,17_84974_2,17_84974_2_153,2021,Abies shastensis,13.97,dead,"",disease,,,,TRUE
17_84974,17_84974_3,17_84974_3_131,2001,Pinus contorta,24.13,new,"","",TRUE,,TRUE,TRUE
17_84974,17_84974_3,17_84974_3_131,2011,Pinus contorta,26.162,alive,new,"",,,TRUE,TRUE
17_84974,17_84974_3,17_84974_3_131,2021,Pinus contorta,27.432,alive,alive,"",,,TRUE,TRUE
17_84974,17_84974_3,17_84974_3_132,2001,Pinus contorta,23.368,new,"","",TRUE,,TRUE,TRUE
17_84974,17_84974_3,17_84974_3_132,2011,Pinus contorta,26.162,alive,new,"",,,TRUE,TRUE
17_84974,17_84974_3,17_84974_3_132,2021,Pinus contorta,27.94,alive,alive,"",,,TRUE,TRUE
17_84974,17_84974_3,17_84974_3_133,2001,Abies shastensis,19.05,new,"","",TRUE,,TRUE,TRUE
17_84974,17_84974_3,17_84974_3_133,2011,Abies shastensis,23.622,alive,new,"",,,TRUE,TRUE
17_84974,17_84974_3,17_84974_3_133,2021,Abies shastensis,29.21,alive,alive,"",,,TRUE,TRUE
17_84974,17_84974_3,17_84974_3_134,2001,Pinus contorta,14.478,new,"","",TRUE,,TRUE,TRUE
17_84974,17_84974_3,17_84974_3_134,2011,Pinus contorta,16.51,alive,new,"",,,TRUE,TRUE
17_84974,17_84974_3,17_84974_3_134,2021,Pinus contorta,17.78,alive,alive,"",,,TRUE,TRUE
17_84974,17_84974_3,17_84974_3_135,2001,Pinus contorta,29.972,new,"","",TRUE,,TRUE,TRUE
17_84974,17_84974_3,17_84974_3_135,2011,Pinus contorta,33.02,alive,new,"",,,TRUE,TRUE
17_84974,17_84974_3,17_84974_3_135,2021,Pinus contorta,35.814,alive,alive,"",,,TRUE,TRUE
17_84974,17_84974_3,17_84974_3_136,2001,Pinus contorta,13.462,new,"","",TRUE,,TRUE,TRUE
17_84974,17_84974_3,17_84974_3_136,2011,Pinus contorta,15.24,alive,new,"",,,TRUE,TRUE
17_84974,17_84974_3,17_84974_3_136,2021,Pinus contorta,16.51,alive,alive,"",,,TRUE,TRUE
17_84974,17_84974_3,17_84974_3_137,2001,Pinus contorta,24.384,new,"","",TRUE,,TRUE,TRUE
17_84974,17_84974_3,17_84974_3_137,2011,Pinus contorta,27.686,alive,new,"",,,TRUE,TRUE
17_84974,17_84974_3,17_84974_3_137,2021,Pinus contorta,29.972,alive,alive,"",,,TRUE,TRUE
17_84974,17_84974_3,17_84974_3_138,2001,Pinus monticola,15.24,new,"","",TRUE,,TRUE,TRUE
17_84974,17_84974_3,17_84974_3_138,2011,Pinus monticola,17.272,alive,new,"",,,TRUE,TRUE
17_84974,17_84974_3,17_84974_3_138,2021,Pinus monticola,19.05,alive,alive,"",,,TRUE,TRUE
17_84974,17_84974_3,17_84974_3_139,2001,Pinus monticola,16.764,new,"","",TRUE,,TRUE,TRUE
17_84974,17_84974_3,17_84974_3_139,2011,Pinus monticola,19.812,alive,new,"",,,TRUE,TRUE
17_84974,17_84974_3,17_84974_3_139,2021,Pinus monticola,22.352,alive,alive,"",,,TRUE,TRUE
17_84974,17_84974_3,17_84974_3_140,2001,Pinus contorta,14.224,new,"","",TRUE,,TRUE,TRUE
17_84974,17_84974_3,17_84974_3_140,2011,Pinus contorta,16.256,alive,new,"",,,TRUE,TRUE
17_84974,17_84974_3,17_84974_3_140,2021,Pinus contorta,17.78,alive,alive,"",,,TRUE,TRUE
17_84974,17_84974_3,17_84974_3_151,2011,Abies shastensis,18.796,new,"","",TRUE,,TRUE,TRUE
17_84974,17_84974_3,17_84974_3_152,2011,Abies shastensis,62.484,new,"","",TRUE,,TRUE,TRUE
17_84974,17_84974_3,17_84974_3_152,2021,Abies shastensis,65.024,alive,new,"",,,TRUE,TRUE
17_84974,17_84974_3,17_84974_3_162,2021,Tsuga mertensiana,13.462,new,"","",TRUE,,TRUE,TRUE
17_84974,17_84974_4,17_84974_4_142,2001,Tsuga mertensiana,26.67,new,"","",TRUE,,TRUE,TRUE
17_84974,17_84974_4,17_84974_4_142,2011,Tsuga mertensiana,27.432,dead,new,disease,,TRUE,,TRUE
17_84974,17_84974_4,17_84974_4_142,2021,Tsuga mertensiana,26.67,dead,dead,"",,,,TRUE
17_84974,17_84974_4,17_84974_4_143,2001,Tsuga mertensiana,60.96,dead,"","",,,,TRUE
17_84974,17_84974_4,17_84974_4_144,2001,Abies shastensis,18.542,new,"","",TRUE,,TRUE,TRUE
17_84974,17_84974_4,17_84974_4_144,2011,Abies shastensis,25.4,alive,new,"",,,TRUE,TRUE
17_84974,17_84974_4,17_84974_4_144,2021,Abies shastensis,31.242,alive,alive,"",,,TRUE,TRUE
17_84974,17_84974_4,17_84974_4_145,2001,Pinus contorta,23.876,new,"","",TRUE,,TRUE,TRUE
17_84974,17_84974_4,17_84974_4_145,2011,Pinus contorta,27.686,alive,new,"",,,TRUE,TRUE
17_84974,17_84974_4,17_84974_4_145,2021,Pinus contorta,31.496,alive,alive,"",,,TRUE,TRUE
17_84974,17_84974_4,17_84974_4_146,2001,Abies shastensis,22.86,new,"","",TRUE,,TRUE,TRUE
17_84974,17_84974_4,17_84974_4_146,2011,Abies shastensis,29.464,alive,new,"",,,TRUE,TRUE
17_84974,17_84974_4,17_84974_4_146,2021,Abies shastensis,35.56,alive,alive,"",,,TRUE,TRUE
17_84974,17_84974_4,17_84974_4_147,2001,Pinus contorta,18.796,new,"","",TRUE,,TRUE,TRUE
17_84974,17_84974_4,17_84974_4_147,2011,Pinus contorta,20.32,alive,new,"",,,TRUE,TRUE
17_84974,17_84974_4,17_84974_4_147,2021,Pinus contorta,22.098,alive,alive,"",,,TRUE,TRUE
17_84974,17_84974_4,17_84974_4_148,2001,Tsuga mertensiana,14.478,new,"","",TRUE,,TRUE,TRUE
17_84974,17_84974_4,17_84974_4_148,2011,Tsuga mertensiana,17.78,alive,new,"",,,TRUE,TRUE
17_84974,17_84974_4,17_84974_4_148,2021,Tsuga mertensiana,20.32,alive,alive,"",,,TRUE,TRUE
17_84974,17_84974_4,17_84974_4_149,2001,Abies shastensis,18.034,new,"","",TRUE,,TRUE,TRUE
17_84974,17_84974_4,17_84974_4_149,2011,Abies shastensis,24.384,alive,new,"",,,TRUE,TRUE
17_84974,17_84974_4,17_84974_4_149,2021,Abies shastensis,30.226,alive,alive,"",,,TRUE,TRUE
17_84974,17_84974_4,17_84974_4_150,2001,Abies shastensis,22.352,new,"","",TRUE,,TRUE,TRUE
17_84974,17_84974_4,17_84974_4_150,2011,Abies shastensis,31.242,alive,new,"",,,TRUE,TRUE
17_84974,17_84974_4,17_84974_4_150,2021,Abies shastensis,36.322,alive,alive,"",,,TRUE,TRUE
17_84974,17_84974_4,17_84974_4_152,2001,Tsuga mertensiana,76.454,dead,"","",,,,TRUE
17_84974,17_84974_4,17_84974_4_152,2011,Tsuga mertensiana,76.454,dead,dead,"",,,,TRUE
17_84974,17_84974_4,17_84974_4_163,2011,Abies shastensis,17.78,new,"","",TRUE,,TRUE,TRUE
17_84974,17_84974_4,17_84974_4_163,2021,Abies shastensis,22.86,alive,new,"",,,TRUE,TRUE
17_84974,17_84974_4,17_84974_4_164,2011,Tsuga mertensiana,14.732,new,"","",TRUE,,TRUE,TRUE
17_84974,17_84974_4,17_84974_4_164,2021,Tsuga mertensiana,17.78,alive,new,"",,,TRUE,TRUE
17_84974,17_84974_4,17_84974_4_165,2011,Abies shastensis,14.478,new,"","",TRUE,,TRUE,TRUE
17_84974,17_84974_4,17_84974_4_165,2021,Abies shastensis,17.78,alive,new,"",,,TRUE,TRUE
17_84974,17_84974_4,17_84974_4_166,2011,Tsuga mertensiana,13.97,new,"","",TRUE,,TRUE,TRUE
17_84974,17_84974_4,17_84974_4_166,2021,Tsuga mertensiana,16.764,alive,new,"",,,TRUE,TRUE
17_84974,17_84974_4,17_84974_4_176,2021,Abies shastensis,14.732,new,"","",TRUE,,TRUE,TRUE
1_75669,1_75669_1,1_75669_1_100,2001,Abies grandis,17.78,new,"","",TRUE,,TRUE,TRUE
1_75669,1_75669_1,1_75669_1_100,2011,Abies grandis,19.558,alive,new,"",,,TRUE,TRUE
1_75669,1_75669_1,1_75669_1_100,2021,Abies grandis,20.32,alive,alive,"",,,TRUE,TRUE
1_75669,1_75669_1,1_75669_1_101,2001,Abies grandis,31.75,dead,"","",,,,TRUE
1_75669,1_75669_1,1_75669_1_102,2001,Abies grandis,13.97,dead,"","",,,,TRUE
1_75669,1_75669_1,1_75669_1_103,2001,Abies grandis,27.686,new,"","",TRUE,,TRUE,TRUE
1_75669,1_75669_1,1_75669_1_103,2011,Abies grandis,29.464,alive,new,"",,,TRUE,TRUE
1_75669,1_75669_1,1_75669_1_103,2021,Abies grandis,30.48,alive,alive,"",,,TRUE,TRUE
1_75669,1_75669_1,1_75669_1_104,2001,Abies grandis,46.482,new,"","",TRUE,,TRUE,TRUE
1_75669,1_75669_1,1_75669_1_104,2011,Abies grandis,51.308,alive,new,"",,,TRUE,TRUE
1_75669,1_75669_1,1_75669_1_104,2021,Abies grandis,55.118,alive,alive,"",,,TRUE,TRUE
1_75669,1_75669_1,1_75669_1_105,2001,Abies grandis,39.116,new,"","",TRUE,,TRUE,TRUE
1_75669,1_75669_1,1_75669_1_105,2011,Abies grandis,42.164,alive,new,"",,,TRUE,TRUE
1_75669,1_75669_1,1_75669_1_105,2021,Abies grandis,44.45,alive,alive,"",,,TRUE,TRUE
1_75669,1_75669_1,1_75669_1_106,2001,Abies grandis,24.13,new,"","",TRUE,,TRUE,TRUE
1_75669,1_75669_1,1_75669_1_106,2011,Abies grandis,25.4,alive,new,"",,,TRUE,TRUE
1_75669,1_75669_1,1_75669_1_106,2021,Abies grandis,26.67,alive,alive,"",,,TRUE,TRUE
1_75669,1_75669_1,1_75669_1_107,2001,Abies grandis,46.228,new,"","",TRUE,,TRUE,TRUE
1_75669,1_75669_1,1_75669_1_107,2011,Abies grandis,48.006,alive,new,"",,,TRUE,TRUE
1_75669,1_75669_1,1_75669_1_107,2021,Abies grandis,49.784,alive,alive,"",,,TRUE,TRUE
1_75669,1_75669_1,1_75669_1_108,2001,Abies grandis,28.448,new,"","",TRUE,,TRUE,TRUE
1_75669,1_75669_1,1_75669_1_108,2011,Abies grandis,32.004,alive,new,"",,,TRUE,TRUE
1_75669,1_75669_1,1_75669_1_108,2021,Abies grandis,34.036,alive,alive,"",,,TRUE,TRUE
1_75669,1_75669_1,1_75669_1_109,2001,Abies grandis,21.082,new,"","",TRUE,,TRUE,TRUE
1_75669,1_75669_1,1_75669_1_109,2011,Abies grandis,24.13,alive,new,"",,,TRUE,TRUE
1_75669,1_75669_1,1_75669_1_109,2021,Abies grandis,24.384,alive,alive,"",,,TRUE,TRUE
1_75669,1_75669_1,1_75669_1_110,2001,Abies grandis,25.146,new,"","",TRUE,,TRUE,TRUE
1_75669,1_75669_1,1_75669_1_110,2011,Abies grandis,26.416,alive,new,"",,,TRUE,TRUE
1_75669,1_75669_1,1_75669_1_110,2021,Abies grandis,27.178,alive,alive,"",,,TRUE,TRUE
1_75669,1_75669_1,1_75669_1_111,2001,Abies grandis,57.658,new,"","",TRUE,,TRUE,TRUE
1_75669,1_75669_1,1_75669_1_111,2011,Abies grandis,59.944,alive,new,"",,,TRUE,TRUE
1_75669,1_75669_1,1_75669_1_111,2021,Abies grandis,65.532,alive,alive,"",,,TRUE,TRUE
1_75669,1_75669_1,1_75669_1_112,2001,Abies grandis,19.812,new,"","",TRUE,,TRUE,TRUE
1_75669,1_75669_1,1_75669_1_112,2011,Abies grandis,22.86,alive,new,"",,,TRUE,TRUE
1_75669,1_75669_1,1_75669_1_112,2021,Abies grandis,24.892,alive,alive,"",,,TRUE,TRUE
1_75669,1_75669_1,1_75669_1_113,2001,Pseudotsuga menziesii,49.276,new,"","",TRUE,,TRUE,TRUE
1_75669,1_75669_1,1_75669_1_113,2011,Pseudotsuga menziesii,49.276,alive,new,"",,,TRUE,TRUE
1_75669,1_75669_1,1_75669_1_113,2021,Pseudotsuga menziesii,49.276,dead,alive,insect,,TRUE,,TRUE
1_75669,1_75669_1,1_75669_1_114,2001,Pinus ponderosa,74.422,new,"","",TRUE,,TRUE,TRUE
1_75669,1_75669_1,1_75669_1_114,2011,Pinus ponderosa,75.946,alive,new,"",,,TRUE,TRUE
1_75669,1_75669_1,1_75669_1_114,2021,Pinus ponderosa,76.708,alive,alive,"",,,TRUE,TRUE
1_75669,1_75669_1,1_75669_1_124,2021,Abies grandis,65.278,new,"","",TRUE,,TRUE,TRUE
1_75669,1_75669_2,1_75669_2_120,2001,Abies grandis,37.084,new,"","",TRUE,,TRUE,TRUE
1_75669,1_75669_2,1_75669_2_120,2011,Abies grandis,46.99,alive,new,"",,,TRUE,TRUE
1_75669,1_75669_2,1_75669_2_120,2021,Abies grandis,55.88,alive,alive,"",,,TRUE,TRUE
1_75669,1_75669_2,1_75669_2_121,2001,Alnus rubra,32.512,new,"","",TRUE,,TRUE,TRUE
1_75669,1_75669_2,1_75669_2_121,2011,Alnus rubra,35.052,alive,new,"",,,TRUE,TRUE
1_75669,1_75669_2,1_75669_2_121,2021,Alnus rubra,35.56,alive,alive,"",,,TRUE,TRUE
1_75669,1_75669_2,1_75669_2_122,2001,Abies grandis,73.152,new,"","",TRUE,,TRUE,TRUE
1_75669,1_75669_2,1_75669_2_122,2011,Abies grandis,78.486,alive,new,"",,,TRUE,TRUE
1_75669,1_75669_2,1_75669_2_122,2021,Abies grandis,82.296,alive,alive,"",,,TRUE,TRUE
1_75669,1_75669_2,1_75669_2_123,2001,Abies grandis,62.992,new,"","",TRUE,,TRUE,TRUE
1_75669,1_75669_2,1_75669_2_123,2011,Abies grandis,66.548,alive,new,"",,,TRUE,TRUE
1_75669,1_75669_2,1_75669_2_123,2021,Abies grandis,69.088,alive,alive,"",,,TRUE,TRUE
1_75669,1_75669_2,1_75669_2_140,2011,Abies grandis,64.262,new,"","",TRUE,,TRUE,TRUE
1_75669,1_75669_2,1_75669_2_140,2021,Abies grandis,66.548,alive,new,"",,,TRUE,TRUE
1_75669,1_75669_3,1_75669_3_132,2001,Abies grandis,82.296,new,"","",TRUE,,TRUE,TRUE
1_75669,1_75669_3,1_75669_3_132,2011,Abies grandis,87.63,alive,new,"",,,TRUE,TRUE
1_75669,1_75669_3,1_75669_3_132,2021,Abies grandis,90.932,alive,alive,"",,,TRUE,TRUE
1_75669,1_75669_3,1_75669_3_133,2001,Pinus ponderosa,49.276,new,"","",TRUE,,TRUE,TRUE
1_75669,1_75669_3,1_75669_3_133,2011,Pinus ponderosa,51.308,alive,new,"",,,TRUE,TRUE
1_75669,1_75669_3,1_75669_3_133,2021,Pinus ponderosa,52.578,alive,alive,"",,,TRUE,TRUE
1_75669,1_75669_3,1_75669_3_134,2001,Pinus ponderosa,35.56,dead,"","",,,,TRUE
1_75669,1_75669_3,1_75669_3_135,2001,Pseudotsuga menziesii,18.034,new,"","",TRUE,,TRUE,TRUE
1_75669,1_75669_3,1_75669_3_135,2011,Pseudotsuga menziesii,22.606,alive,new,"",,,TRUE,TRUE
1_75669,1_75669_3,1_75669_3_135,2021,Pseudotsuga menziesii,27.432,alive,alive,"",,,TRUE,TRUE
1_75669,1_75669_3,1_75669_3_136,2001,Abies grandis,66.548,new,"","",TRUE,,TRUE,TRUE
1_75669,1_75669_3,1_75669_3_136,2011,Abies grandis,70.358,alive,new,"",,,TRUE,TRUE
1_75669,1_75669_3,1_75669_3_136,2021,Abies grandis,73.152,alive,alive,"",,,TRUE,TRUE
1_75669,1_75669_3,1_75669_3_137,2001,Pseudotsuga menziesii,67.564,dead,"","",,,,TRUE
1_75669,1_75669_3,1_75669_3_137,2011,Pseudotsuga menziesii,64.516,dead,dead,"",,,,TRUE
1_75669,1_75669_3,1_75669_3_138,2001,Abies grandis,71.628,new,"","",TRUE,,TRUE,TRUE
1_75669,1_75669_3,1_75669_3_138,2011,Abies grandis,80.01,alive,new,"",,,TRUE,TRUE
1_75669,1_75669_3,1_75669_3_138,2021,Abies grandis,84.074,alive,alive,"",,,TRUE,TRUE
1_75669,1_75669_3,1_75669_3_148,2021,Abies grandis,61.976,new,"","",TRUE,,TRUE,TRUE
1_75669,1_75669_3,1_75669_3_149,2021,Abies grandis,63.754,new,"","",TRUE,,TRUE,TRUE
1_75669,1_75669_3,1_75669_3_150,2021,Abies grandis,96.52,new,"","",TRUE,,TRUE,TRUE
1_75669,1_75669_4,1_75669_4_139,2001,Abies grandis,46.228,new,"","",TRUE,,TRUE,TRUE
1_75669,1_75669_4,1_75669_4_139,2011,Abies grandis,47.752,alive,new,"",,,TRUE,TRUE
1_75669,1_75669_4,1_75669_4_139,2021,Abies grandis,49.276,alive,alive,"",,,TRUE,TRUE
1_75669,1_75669_4,1_75669_4_140,2001,Abies grandis,44.958,new,"","",TRUE,,TRUE,TRUE
1_75669,1_75669_4,1_75669_4_140,2011,Abies grandis,49.022,alive,new,"",,,TRUE,TRUE
1_75669,1_75669_4,1_75669_4_140,2021,Abies grandis,51.562,alive,alive,"",,,TRUE,TRUE
1_75669,1_75669_4,1_75669_4_141,2001,Abies grandis,15.748,new,"","",TRUE,,TRUE,TRUE
1_75669,1_75669_4,1_75669_4_141,2011,Abies grandis,17.78,alive,new,"",,,TRUE,TRUE
1_75669,1_75669_4,1_75669_4_141,2021,Abies grandis,20.066,alive,alive,"",,,TRUE,TRUE
1_75669,1_75669_4,1_75669_4_142,2001,Abies grandis,66.294,new,"","",TRUE,,TRUE,TRUE
1_75669,1_75669_4,1_75669_4_142,2011,Abies grandis,68.326,alive,new,"",,,TRUE,TRUE
1_75669,1_75669_4,1_75669_4_142,2021,Abies grandis,69.088,alive,alive,"",,,TRUE,TRUE
1_75669,1_75669_4,1_75669_4_143,2001,Abies grandis,17.018,dead,"","",,,,TRUE
1_75669,1_75669_4,1_75669_4_144,2001,Abies grandis,23.114,new,"","",TRUE,,TRUE,TRUE
1_75669,1_75669_4,1_75669_4_144,2011,Abies grandis,24.638,alive,new,"",,,TRUE,TRUE
1_75669,1_75669_4,1_75669_4_144,2021,Abies grandis,26.416,alive,alive,"",,,TRUE,TRUE
1_75669,1_75669_4,1_75669_4_145,2001,Abies grandis,50.292,new,"","",TRUE,,TRUE,TRUE
1_75669,1_75669_4,1_75669_4_145,2011,Abies grandis,53.086,alive,new,"",,,TRUE,TRUE
1_75669,1_75669_4,1_75669_4_145,2021,Abies grandis,54.61,dead,alive,insect,,TRUE,,TRUE
1_75669,1_75669_4,1_75669_4_146,2001,Abies grandis,51.816,new,"","",TRUE,,TRUE,TRUE
1_75669,1_75669_4,1_75669_4_146,2011,Abies grandis,55.88,alive,new,"",,,TRUE,TRUE
1_75669,1_75669_4,1_75669_4_146,2021,Abies grandis,59.436,alive,alive,"",,,TRUE,TRUE
1_75669,1_75669_4,1_75669_4_147,2001,Abies grandis,56.388,new,"","",TRUE,,TRUE,TRUE
1_75669,1_75669_4,1_75669_4_147,2011,Abies grandis,60.706,alive,new,"",,,TRUE,TRUE
1_75669,1_75669_4,1_75669_4_147,2021,Abies grandis,64.77,alive,alive,"",,,TRUE,TRUE
1_75669,1_75669_4,1_75669_4_148,2001,Abies grandis,29.718,new,"","",TRUE,,TRUE,TRUE
1_75669,1_75669_4,1_75669_4_148,2011,Abies grandis,30.988,alive,new,"",,,TRUE,TRUE
1_75669,1_75669_4,1_75669_4_148,2021,Abies grandis,34.29,alive,alive,"",,,TRUE,TRUE
1_75669,1_75669_4,1_75669_4_149,2001,Abies grandis,51.816,new,"","",TRUE,,TRUE,TRUE
1_75669,1_75669_4,1_75669_4_149,2011,Abies grandis,55.88,alive,new,"",,,TRUE,TRUE
1_75669,1_75669_4,1_75669_4_149,2021,Abies grandis,59.944,alive,alive,"",,,TRUE,TRUE
1_75669,1_75669_4,1_75669_4_150,2001,Abies grandis,67.31,new,"","",TRUE,,TRUE,TRUE
1_75669,1_75669_4,1_75669_4_150,2011,Abies grandis,72.136,alive,new,"",,,TRUE,TRUE
1_75669,1_75669_4,1_75669_4_150,2021,Abies grandis,77.724,alive,alive,"",,,TRUE,TRUE
1_75669,1_75669_4,1_75669_4_160,2021,Abies grandis,60.96,new,"","",TRUE,,TRUE,TRUE
1_75669,1_75669_4,1_75669_4_161,2021,Abies grandis,66.04,new,"","",TRUE,,TRUE,TRUE
1_75669,1_75669_4,1_75669_4_162,2021,Abies grandis,12.954,new,"","",TRUE,,TRUE,TRUE
1_88768,1_88768_1,1_88768_1_100,2002,Pinus contorta,15.748,new,"","",TRUE,,TRUE,TRUE
1_88768,1_88768_1,1_88768_1_101,2002,Pseudotsuga menziesii,14.224,new,"","",TRUE,,TRUE,TRUE
1_88768,1_88768_1,1_88768_1_101,2012,Pseudotsuga menziesii,16.256,alive,new,"",,,TRUE,TRUE
1_88768,1_88768_1,1_88768_1_101,2022,Pseudotsuga menziesii,19.05,alive,alive,"",,,TRUE,TRUE
1_88768,1_88768_1,1_88768_1_102,2002,Abies grandis,20.574,new,"","",TRUE,,TRUE,TRUE
1_88768,1_88768_1,1_88768_1_102,2012,Abies grandis,22.606,alive,new,"",,,TRUE,TRUE
1_88768,1_88768_1,1_88768_1_102,2022,Abies grandis,24.384,alive,alive,"",,,TRUE,TRUE
1_88768,1_88768_1,1_88768_1_103,2002,Abies grandis,41.402,new,"","",TRUE,,TRUE,TRUE
1_88768,1_88768_1,1_88768_1_103,2012,Abies grandis,46.482,alive,new,"",,,TRUE,TRUE
1_88768,1_88768_1,1_88768_1_103,2022,Abies grandis,51.308,alive,alive,"",,,TRUE,TRUE
1_88768,1_88768_1,1_88768_1_104,2002,Pinus contorta,17.78,dead,"","",,,,TRUE
1_88768,1_88768_1,1_88768_1_105,2002,Pseudotsuga menziesii,37.846,new,"","",TRUE,,TRUE,TRUE
1_88768,1_88768_1,1_88768_1_105,2012,Pseudotsuga menziesii,41.402,alive,new,"",,,TRUE,TRUE
1_88768,1_88768_1,1_88768_1_105,2022,Pseudotsuga menziesii,43.942,alive,alive,"",,,TRUE,TRUE
1_88768,1_88768_1,1_88768_1_106,2002,Abies grandis,52.324,new,"","",TRUE,,TRUE,TRUE
1_88768,1_88768_1,1_88768_1_106,2012,Abies grandis,56.896,alive,new,"",,,TRUE,TRUE
1_88768,1_88768_1,1_88768_1_106,2022,Abies grandis,61.468,alive,alive,"",,,TRUE,TRUE
1_88768,1_88768_1,1_88768_1_107,2002,Pseudotsuga menziesii,36.322,new,"","",TRUE,,TRUE,TRUE
1_88768,1_88768_1,1_88768_1_107,2012,Pseudotsuga menziesii,39.878,alive,new,"",,,TRUE,TRUE
1_88768,1_88768_1,1_88768_1_107,2022,Pseudotsuga menziesii,42.926,alive,alive,"",,,TRUE,TRUE
1_88768,1_88768_1,1_88768_1_108,2002,Pinus contorta,19.304,dead,"","",,,,TRUE
1_88768,1_88768_1,1_88768_1_108,2012,Pinus contorta,19.05,dead,dead,"",,,,TRUE
1_88768,1_88768_1,1_88768_1_108,2022,Pinus contorta,18.796,dead,dead,"",,,,TRUE
1_88768,1_88768_1,1_88768_1_109,2002,Abies grandis,29.718,new,"","",TRUE,,TRUE,TRUE
1_88768,1_88768_1,1_88768_1_109,2012,Abies grandis,31.242,alive,new,"",,,TRUE,TRUE
1_88768,1_88768_1,1_88768_1_109,2022,Abies grandis,32.766,alive,alive,"",,,TRUE,TRUE
1_88768,1_88768_2,1_88768_2_110,2002,Abies grandis,71.882,new,"","",TRUE,,TRUE,TRUE
1_88768,1_88768_2,1_88768_2_110,2012,Abies grandis,75.438,alive,new,"",,,TRUE,TRUE
1_88768,1_88768_2,1_88768_2_110,2022,Abies grandis,79.756,alive,alive,"",,,TRUE,TRUE
1_88768,1_88768_2,1_88768_2_111,2002,Pinus contorta,14.732,new,"","",TRUE,,TRUE,TRUE
1_88768,1_88768_2,1_88768_2_111,2012,Pinus contorta,15.24,alive,new,"",,,TRUE,TRUE
1_88768,1_88768_2,1_88768_2_111,2022,Pinus contorta,15.24,alive,alive,"",,,TRUE,TRUE
1_88768,1_88768_2,1_88768_2_112,2002,Abies grandis,16.002,new,"","",TRUE,,TRUE,TRUE
1_88768,1_88768_2,1_88768_2_112,2012,Abies grandis,18.542,alive,new,"",,,TRUE,TRUE
1_88768,1_88768_2,1_88768_2_112,2022,Abies grandis,21.082,alive,alive,"",,,TRUE,TRUE
1_88768,1_88768_2,1_88768_2_113,2002,Abies grandis,70.612,new,"","",TRUE,,TRUE,TRUE
1_88768,1_88768_2,1_88768_2_113,2012,Abies grandis,75.946,alive,new,"",,,TRUE,TRUE
1_88768,1_88768_2,1_88768_2_113,2022,Abies grandis,81.28,alive,alive,"",,,TRUE,TRUE
1_88768,1_88768_2,1_88768_2_114,2002,Abies grandis,62.484,new,"","",TRUE,,TRUE,TRUE
1_88768,1_88768_2,1_88768_2_114,2012,Abies grandis,65.786,alive,new,"",,,TRUE,TRUE
1_88768,1_88768_2,1_88768_2_114,2022,Abies grandis,68.072,alive,alive,"",,,TRUE,TRUE
1_88768,1_88768_2,1_88768_2_115,2002,Pseudotsuga menziesii,55.372,new,"","",TRUE,,TRUE,TRUE
1_88768,1_88768_2,1_88768_2_115,2012,Pseudotsuga menziesii,57.658,alive,new,"",,,TRUE,TRUE
1_88768,1_88768_2,1_88768_2_115,2022,Pseudotsuga menziesii,58.928,alive,alive,"",,,TRUE,TRUE
1_88768,1_88768_2,1_88768_2_116,2002,Pinus contorta,21.336,new,"","",TRUE,,TRUE,TRUE
1_88768,1_88768_2,1_88768_2_116,2012,Pinus contorta,23.876,alive,new,"",,,TRUE,TRUE
1_88768,1_88768_2,1_88768_2_116,2022,Pinus contorta,25.654,alive,alive,"",,,TRUE,TRUE
1_88768,1_88768_2,1_88768_2_117,2002,Larix occidentalis,16.002,new,"","",TRUE,,TRUE,TRUE
1_88768,1_88768_2,1_88768_2_117,2012,Larix occidentalis,19.05,alive,new,"",,,TRUE,TRUE
1_88768,1_88768_2,1_88768_2_117,2022,Larix occidentalis,24.13,alive,alive,"",,,TRUE,TRUE
1_88768,1_88768_2,1_88768_2_129,2022,Abies grandis,64.516,new,"","",TRUE,,TRUE,TRUE
1_88768,1_88768_3,1_88768_3_121,2002,Abies grandis,19.812,new,"","",TRUE,,TRUE,TRUE
1_88768,1_88768_3,1_88768_3_121,2012,Abies grandis,22.606,alive,new,"",,,TRUE,TRUE
1_88768,1_88768_3,1_88768_3_121,2022,Abies grandis,25.4,alive,alive,"",,,TRUE,TRUE
1_88768,1_88768_3,1_88768_3_122,2002,Abies grandis,19.812,new,"","",TRUE,,TRUE,TRUE
1_88768,1_88768_3,1_88768_3_122,2012,Abies grandis,21.844,alive,new,"",,,TRUE,TRUE
1_88768,1_88768_3,1_88768_3_122,2022,Abies grandis,23.114,alive,alive,"",,,TRUE,TRUE
1_88768,1_88768_3,1_88768_3_123,2002,Pseudotsuga menziesii,50.8,new,"","",TRUE,,TRUE,TRUE
1_88768,1_88768_3,1_88768_3_123,2012,Pseudotsuga menziesii,54.61,alive,new,"",,,TRUE,TRUE
1_88768,1_88768_3,1_88768_3_123,2022,Pseudotsuga menziesii,56.896,alive,alive,"",,,TRUE,TRUE
1_88768,1_88768_3,1_88768_3_124,2002,Pinus contorta,19.05,new,"","",TRUE,,TRUE,TRUE
1_88768,1_88768_3,1_88768_3_124,2012,Pinus contorta,18.542,dead,new,insect,,TRUE,,TRUE
1_88768,1_88768_3,1_88768_3_125,2002,Abies grandis,22.352,new,"","",TRUE,,TRUE,TRUE
1_88768,1_88768_3,1_88768_3_125,2012,Abies grandis,25.908,alive,new,"",,,TRUE,TRUE
1_88768,1_88768_3,1_88768_3_125,2022,Abies grandis,29.718,alive,alive,"",,,TRUE,TRUE
1_88768,1_88768_3,1_88768_3_126,2002,Abies grandis,12.954,new,"","",TRUE,,TRUE,TRUE
1_88768,1_88768_3,1_88768_3_126,2012,Abies grandis,15.494,alive,new,"",,,TRUE,TRUE
1_88768,1_88768_3,1_88768_3_126,2022,Abies grandis,17.526,alive,alive,"",,,TRUE,TRUE
1_88768,1_88768_3,1_88768_3_127,2002,Pinus contorta,27.686,new,"","",TRUE,,TRUE,TRUE
1_88768,1_88768_3,1_88768_3_127,2012,Pinus contorta,27.94,dead,new,insect,,TRUE,,TRUE
1_88768,1_88768_3,1_88768_3_128,2012,Pinus contorta,15.494,alive,"","",,,TRUE,TRUE
1_88768,1_88768_3,1_88768_3_128,2022,Pinus contorta,17.526,alive,alive,"",,,TRUE,TRUE
1_88768,1_88768_3,1_88768_3_129,2002,Abies grandis,13.208,new,"","",TRUE,,TRUE,TRUE
1_88768,1_88768_3,1_88768_3_129,2012,Abies grandis,14.986,alive,new,"",,,TRUE,TRUE
1_88768,1_88768_3,1_88768_3_129,2022,Abies grandis,16.51,alive,alive,"",,,TRUE,TRUE
1_88768,1_88768_3,1_88768_3_130,2002,Abies grandis,66.802,new,"","",TRUE,,TRUE,TRUE
1_88768,1_88768_3,1_88768_3_130,2012,Abies grandis,70.612,alive,new,"",,,TRUE,TRUE
1_88768,1_88768_3,1_88768_3_130,2022,Abies grandis,73.152,alive,alive,"",,,TRUE,TRUE
1_88768,1_88768_3,1_88768_3_131,2002,Pinus ponderosa,62.23,new,"","",TRUE,,TRUE,TRUE
1_88768,1_88768_3,1_88768_3_131,2012,Pinus ponderosa,65.278,alive,new,"",,,TRUE,TRUE
1_88768,1_88768_3,1_88768_3_131,2022,Pinus ponderosa,67.564,alive,alive,"",,,TRUE,TRUE
1_88768,1_88768_3,1_88768_3_132,2002,Abies grandis,80.772,new,"","",TRUE,,TRUE,TRUE
1_88768,1_88768_3,1_88768_3_132,2012,Abies grandis,84.582,alive,new,"",,,TRUE,TRUE
1_88768,1_88768_3,1_88768_3_132,2022,Abies grandis,87.884,alive,alive,"",,,TRUE,TRUE
1_88768,1_88768_3,1_88768_3_142,2022,Abies grandis,13.208,new,"","",TRUE,,TRUE,TRUE
1_88768,1_88768_3,1_88768_3_143,2022,Pinus contorta,12.954,new,"","",TRUE,,TRUE,TRUE
1_88768,1_88768_4,1_88768_4_133,2002,Abies grandis,25.146,new,"","",TRUE,,TRUE,TRUE
1_88768,1_88768_4,1_88768_4_133,2012,Abies grandis,26.924,alive,new,"",,,TRUE,TRUE
1_88768,1_88768_4,1_88768_4_133,2022,Abies grandis,28.194,alive,alive,"",,,TRUE,TRUE
1_88768,1_88768_4,1_88768_4_134,2002,Abies grandis,37.084,new,"","",TRUE,,TRUE,TRUE
1_88768,1_88768_4,1_88768_4_134,2012,Abies grandis,40.894,alive,new,"",,,TRUE,TRUE
1_88768,1_88768_4,1_88768_4_134,2022,Abies grandis,43.942,alive,alive,"",,,TRUE,TRUE
1_88768,1_88768_4,1_88768_4_135,2002,Abies grandis,35.56,new,"","",TRUE,,TRUE,TRUE
1_88768,1_88768_4,1_88768_4_135,2012,Abies grandis,37.846,alive,new,"",,,TRUE,TRUE
1_88768,1_88768_4,1_88768_4_135,2022,Abies grandis,39.624,alive,alive,"",,,TRUE,TRUE
1_88768,1_88768_4,1_88768_4_136,2002,Pinus contorta,23.114,dead,"","",,,,TRUE
1_88768,1_88768_4,1_88768_4_136,2012,Pinus contorta,22.606,dead,dead,"",,,,TRUE
1_88768,1_88768_4,1_88768_4_137,2002,Abies grandis,13.208,new,"","",TRUE,,TRUE,TRUE
1_88768,1_88768_4,1_88768_4_137,2012,Abies grandis,14.986,alive,new,"",,,TRUE,TRUE
1_88768,1_88768_4,1_88768_4_137,2022,Abies grandis,16.002,alive,alive,"",,,TRUE,TRUE
1_88768,1_88768_4,1_88768_4_138,2002,Abies grandis,16.51,new,"","",TRUE,,TRUE,TRUE
1_88768,1_88768_4,1_88768_4_138,2012,Abies grandis,19.812,alive,new,"",,,TRUE,TRUE
1_88768,1_88768_4,1_88768_4_138,2022,Abies grandis,21.082,dead,alive,insect,,TRUE,,TRUE
1_88768,1_88768_4,1_88768_4_139,2002,Pinus contorta,26.924,new,"","",TRUE,,TRUE,TRUE
1_88768,1_88768_4,1_88768_4_139,2012,Pinus contorta,28.448,alive,new,"",,,TRUE,TRUE
1_88768,1_88768_4,1_88768_4_139,2022,Pinus contorta,29.718,alive,alive,"",,,TRUE,TRUE
1_88768,1_88768_4,1_88768_4_140,2002,Larix occidentalis,26.924,new,"","",TRUE,,TRUE,TRUE
1_88768,1_88768_4,1_88768_4_140,2012,Larix occidentalis,29.972,alive,new,"",,,TRUE,TRUE
1_88768,1_88768_4,1_88768_4_140,2022,Larix occidentalis,32.512,alive,alive,"",,,TRUE,TRUE
1_88768,1_88768_4,1_88768_4_141,2002,Abies grandis,66.294,new,"","",TRUE,,TRUE,TRUE
1_88768,1_88768_4,1_88768_4_141,2012,Abies grandis,69.596,alive,new,"",,,TRUE,TRUE
1_88768,1_88768_4,1_88768_4_141,2022,Abies grandis,72.644,alive,alive,"",,,TRUE,TRUE
1_88768,1_88768_4,1_88768_4_153,2012,Abies grandis,12.954,new,"","",TRUE,,TRUE,TRUE
1_88768,1_88768_4,1_88768_4_153,2022,Abies grandis,14.478,alive,new,"",,,TRUE,TRUE
1_88768,1_88768_4,1_88768_4_163,2022,Pinus ponderosa,61.976,new,"","",TRUE,,TRUE,TRUE
1_88768,1_88768_4,1_88768_4_164,2022,Abies grandis,12.954,new,"","",TRUE,,TRUE,TRUE
35_65479,35_65479_1,35_65479_1_102,2001,Pinus ponderosa,114.3,dead,"","",,,,TRUE
35_65479,35_65479_1,35_65479_1_102,2011,Pinus ponderosa,112.522,dead,dead,"",,,,TRUE
35_65479,35_65479_1,35_65479_1_102,2021,Pinus ponderosa,113.792,dead,dead,"",,,,TRUE
35_65479,35_65479_1,35_65479_1_104,2001,Abies concolor,48.768,new,"","",TRUE,,TRUE,TRUE
35_65479,35_65479_1,35_65479_1_104,2011,Abies concolor,51.562,alive,new,"",,,TRUE,TRUE
35_65479,35_65479_1,35_65479_1_104,2021,Abies concolor,53.086,alive,alive,"",,,TRUE,TRUE
35_65479,35_65479_1,35_65479_1_105,2001,Abies concolor,20.32,new,"","",TRUE,,TRUE,TRUE
35_65479,35_65479_1,35_65479_1_105,2011,Abies concolor,21.59,alive,new,"",,,TRUE,TRUE
35_65479,35_65479_1,35_65479_1_105,2021,Abies concolor,22.352,alive,alive,"",,,TRUE,TRUE
35_65479,35_65479_1,35_65479_1_107,2001,Abies concolor,35.56,new,"","",TRUE,,TRUE,TRUE
35_65479,35_65479_1,35_65479_1_107,2011,Abies concolor,38.608,alive,new,"",,,TRUE,TRUE
35_65479,35_65479_1,35_65479_1_107,2021,Abies concolor,40.894,alive,alive,"",,,TRUE,TRUE
35_65479,35_65479_1,35_65479_1_108,2001,Abies concolor,27.178,new,"","",TRUE,,TRUE,TRUE
35_65479,35_65479_1,35_65479_1_108,2011,Abies concolor,28.956,alive,new,"",,,TRUE,TRUE
35_65479,35_65479_1,35_65479_1_108,2021,Abies concolor,30.226,alive,alive,"",,,TRUE,TRUE
35_65479,35_65479_1,35_65479_1_109,2001,Abies concolor,15.494,new,"","",TRUE,,TRUE,TRUE
35_65479,35_65479_1,35_65479_1_109,2011,Abies concolor,15.748,alive,new,"",,,TRUE,TRUE
35_65479,35_65479_1,35_65479_1_110,2001,Abies concolor,16.002,new,"","",TRUE,,TRUE,TRUE
35_65479,35_65479_1,35_65479_1_110,2011,Abies concolor,16.51,alive,new,"",,,TRUE,TRUE
35_65479,35_65479_1,35_65479_1_110,2021,Abies concolor,17.018,alive,alive,"",,,TRUE,TRUE
35_65479,35_65479_1,35_65479_1_111,2001,Abies concolor,34.29,new,"","",TRUE,,TRUE,TRUE
35_65479,35_65479_1,35_65479_1_111,2011,Abies concolor,36.576,alive,new,"",,,TRUE,TRUE
35_65479,35_65479_1,35_65479_1_111,2021,Abies concolor,37.846,alive,alive,"",,,TRUE,TRUE
35_65479,35_65479_1,35_65479_1_112,2001,Abies concolor,18.796,new,"","",TRUE,,TRUE,TRUE
35_65479,35_65479_1,35_65479_1_112,2011,Abies concolor,19.812,alive,new,"",,,TRUE,TRUE
35_65479,35_65479_1,35_65479_1_112,2021,Abies concolor,20.32,alive,alive,"",,,TRUE,TRUE
35_65479,35_65479_1,35_65479_1_113,2001,Abies concolor,13.462,new,"","",TRUE,,TRUE,TRUE
35_65479,35_65479_1,35_65479_1_113,2011,Abies concolor,13.716,alive,new,"",,,TRUE,TRUE
35_65479,35_65479_1,35_65479_1_113,2021,Abies concolor,13.716,dead,alive,competition,,TRUE,,TRUE
35_65479,35_65479_1,35_65479_1_114,2001,Abies concolor,29.464,new,"","",TRUE,,TRUE,TRUE
35_65479,35_65479_1,35_65479_1_114,2011,Abies concolor,31.242,alive,new,"",,,TRUE,TRUE
35_65479,35_65479_1,35_65479_1_114,2021,Abies concolor,32.258,alive,alive,"",,,TRUE,TRUE
35_65479,35_65479_1,35_65479_1_115,2001,Abies concolor,14.478,new,"","",TRUE,,TRUE,TRUE
35_65479,35_65479_1,35_65479_1_115,2011,Abies concolor,16.256,alive,new,"",,,TRUE,TRUE
35_65479,35_65479_1,35_65479_1_115,2021,Abies concolor,17.272,alive,alive,"",,,TRUE,TRUE
35_65479,35_65479_1,35_65479_1_116,2001,Abies concolor,29.21,new,"","",TRUE,,TRUE,TRUE
35_65479,35_65479_1,35_65479_1_116,2011,Abies concolor,31.242,alive,new,"",,,TRUE,TRUE
35_65479,35_65479_1,35_65479_1_116,2021,Abies concolor,32.512,alive,alive,"",,,TRUE,TRUE
35_65479,35_65479_1,35_65479_1_117,2001,Pinus ponderosa,67.818,new,"","",TRUE,,TRUE,TRUE
35_65479,35_65479_1,35_65479_1_117,2011,Pinus ponderosa,68.58,alive,new,"",,,TRUE,TRUE
35_65479,35_65479_1,35_65479_1_117,2021,Pinus ponderosa,69.596,alive,alive,"",,,TRUE,TRUE
35_65479,35_65479_1,35_65479_1_118,2001,Abies concolor,12.954,new,"","",TRUE,,TRUE,TRUE
35_65479,35_65479_1,35_65479_1_118,2011,Abies concolor,13.716,alive,new,"",,,TRUE,TRUE
35_65479,35_65479_1,35_65479_1_118,2021,Abies concolor,14.478,alive,alive,"",,,TRUE,TRUE
35_65479,35_65479_1,35_65479_1_119,2001,Abies concolor,47.752,new,"","",TRUE,,TRUE,TRUE
35_65479,35_65479_1,35_65479_1_119,2011,Abies concolor,51.816,alive,new,"",,,TRUE,TRUE
35_65479,35_65479_1,35_65479_1_119,2021,Abies concolor,55.88,alive,alive,"",,,TRUE,TRUE
35_65479,35_65479_1,35_65479_1_120,2001,Pinus ponderosa,23.622,new,"","",TRUE,,TRUE,TRUE
35_65479,35_65479_1,35_65479_1_120,2011,Pinus ponderosa,23.876,alive,new,"",,,TRUE,TRUE
35_65479,35_65479_1,35_65479_1_120,2021,Pinus ponderosa,24.384,alive,alive,"",,,TRUE,TRUE
35_65479,35_65479_1,35_65479_1_121,2001,Abies concolor,25.4,new,"","",TRUE,,TRUE,TRUE
35_65479,35_65479_1,35_65479_1_121,2011,Abies concolor,28.194,alive,new,"",,,TRUE,TRUE
35_65479,35_65479_1,35_65479_1_121,2021,Abies concolor,29.972,alive,alive,"",,,TRUE,TRUE
35_65479,35_65479_1,35_65479_1_131,2021,Pinus ponderosa,14.986,alive,"","",,,TRUE,TRUE
35_65479,35_65479_1,35_65479_1_142,2021,Abies concolor,62.992,new,"","",TRUE,,TRUE,TRUE
35_65479,35_65479_2,35_65479_2_122,2001,Pinus ponderosa,111.76,new,"","",TRUE,,TRUE,TRUE
35_65479,35_65479_2,35_65479_2_122,2011,Pinus ponderosa,117.856,dead,new,insect,,TRUE,,TRUE
35_65479,35_65479_2,35_65479_2_122,2021,Pinus ponderosa,116.84,dead,dead,"",,,,TRUE
35_65479,35_65479_2,35_65479_2_123,2001,Pinus ponderosa,99.822,new,"","",TRUE,,TRUE,TRUE
35_65479,35_65479_2,35_65479_2_123,2011,Pinus ponderosa,99.822,alive,new,"",,,TRUE,TRUE
35_65479,35_65479_2,35_65479_2_123,2021,Pinus ponderosa,99.822,alive,alive,"",,,TRUE,TRUE
35_65479,35_65479_2,35_65479_2_125,2001,Pinus ponderosa,112.268,new,"","",TRUE,,TRUE,TRUE
35_65479,35_65479_2,35_65479_2_126,2001,Abies concolor,13.97,new,"","",TRUE,,TRUE,TRUE
35_65479,35_65479_2,35_65479_2_126,2011,Abies concolor,16.256,alive,new,"",,,TRUE,TRUE
35_65479,35_65479_2,35_65479_2_126,2021,Abies concolor,19.05,alive,alive,"",,,TRUE,TRUE
35_65479,35_65479_2,35_65479_2_127,2001,Pinus ponderosa,14.478,new,"","",TRUE,,TRUE,TRUE
35_65479,35_65479_2,35_65479_2_127,2011,Pinus ponderosa,16.256,alive,new,"",,,TRUE,TRUE
35_65479,35_65479_2,35_65479_2_127,2021,Pinus ponderosa,18.542,alive,alive,"",,,TRUE,TRUE
35_65479,35_65479_2,35_65479_2_128,2001,Abies concolor,17.018,new,"","",TRUE,,TRUE,TRUE
35_65479,35_65479_2,35_65479_2_128,2011,Abies concolor,19.304,alive,new,"",,,TRUE,TRUE
35_65479,35_65479_2,35_65479_2_128,2021,Abies concolor,21.336,alive,alive,"",,,TRUE,TRUE
35_65479,35_65479_2,35_65479_2_129,2001,Abies concolor,19.05,new,"","",TRUE,,TRUE,TRUE
35_65479,35_65479_2,35_65479_2_129,2011,Abies concolor,23.114,alive,new,"",,,TRUE,TRUE
35_65479,35_65479_2,35_65479_2_129,2021,Abies concolor,26.67,alive,alive,"",,,TRUE,TRUE
35_65479,35_65479_2,35_65479_2_130,2001,Abies concolor,22.098,new,"","",TRUE,,TRUE,TRUE
35_65479,35_65479_2,35_65479_2_130,2011,Abies concolor,25.4,alive,new,"",,,TRUE,TRUE
35_65479,35_65479_2,35_65479_2_130,2021,Abies concolor,28.448,alive,alive,"",,,TRUE,TRUE
35_65479,35_65479_2,35_65479_2_131,2001,Abies concolor,14.224,new,"","",TRUE,,TRUE,TRUE
35_65479,35_65479_2,35_65479_2_131,2011,Abies concolor,17.526,alive,new,"",,,TRUE,TRUE
35_65479,35_65479_2,35_65479_2_131,2021,Abies concolor,20.32,alive,alive,"",,,TRUE,TRUE
35_65479,35_65479_2,35_65479_2_132,2001,Abies concolor,20.828,new,"","",TRUE,,TRUE,TRUE
35_65479,35_65479_2,35_65479_2_132,2011,Abies concolor,25.4,alive,new,"",,,TRUE,TRUE
35_65479,35_65479_2,35_65479_2_132,2021,Abies concolor,29.464,alive,alive,"",,,TRUE,TRUE
35_65479,35_65479_2,35_65479_2_133,2001,Abies concolor,20.828,new,"","",TRUE,,TRUE,TRUE
35_65479,35_65479_2,35_65479_2_133,2011,Abies concolor,23.368,alive,new,"",,,TRUE,TRUE
35_65479,35_65479_2,35_65479_2_133,2021,Abies concolor,25.908,alive,alive,"",,,TRUE,TRUE
35_65479,35_65479_2,35_65479_2_134,2001,Pinus ponderosa,95.504,new,"","",TRUE,,TRUE,TRUE
35_65479,35_65479_2,35_65479_2_134,2011,Pinus ponderosa,95.504,alive,new,"",,,TRUE,TRUE
35_65479,35_65479_2,35_65479_2_134,2021,Pinus ponderosa,93.726,dead,alive,insect,,TRUE,,TRUE
35_65479,35_65479_2,35_65479_2_135,2001,Abies concolor,13.97,new,"","",TRUE,,TRUE,TRUE
35_65479,35_65479_2,35_65479_2_135,2011,Abies concolor,17.526,alive,new,"",,,TRUE,TRUE
35_65479,35_65479_2,35_65479_2_135,2021,Abies concolor,19.558,alive,alive,"",,,TRUE,TRUE
35_65479,35_65479_2,35_65479_2_136,2001,Abies concolor,17.018,new,"","",TRUE,,TRUE,TRUE
35_65479,35_65479_2,35_65479_2_136,2011,Abies concolor,20.066,alive,new,"",,,TRUE,TRUE
35_65479,35_65479_2,35_65479_2_136,2021,Abies concolor,23.114,alive,alive,"",,,TRUE,TRUE
35_65479,35_65479_2,35_65479_2_138,2001,Abies concolor,14.986,new,"","",TRUE,,TRUE,TRUE
35_65479,35_65479_2,35_65479_2_138,2011,Abies concolor,18.542,alive,new,"",,,TRUE,TRUE
35_65479,35_65479_2,35_65479_2_138,2021,Abies concolor,21.59,alive,alive,"",,,TRUE,TRUE
35_65479,35_65479_2,35_65479_2_139,2001,Abies concolor,18.288,new,"","",TRUE,,TRUE,TRUE
35_65479,35_65479_2,35_65479_2_139,2011,Abies concolor,22.098,alive,new,"",,,TRUE,TRUE
35_65479,35_65479_2,35_65479_2_139,2021,Abies concolor,25.908,alive,alive,"",,,TRUE,TRUE
35_65479,35_65479_2,35_65479_2_149,2011,Abies concolor,12.954,new,"","",TRUE,,TRUE,TRUE
35_65479,35_65479_2,35_65479_2_149,2021,Abies concolor,15.494,alive,new,"",,,TRUE,TRUE
35_65479,35_65479_2,35_65479_2_150,2011,Abies concolor,12.954,new,"","",TRUE,,TRUE,TRUE
35_65479,35_65479_2,35_65479_2_150,2021,Abies concolor,15.494,alive,new,"",,,TRUE,TRUE
35_65479,35_65479_2,35_65479_2_151,2011,Abies concolor,14.478,new,"","",TRUE,,TRUE,TRUE
35_65479,35_65479_2,35_65479_2_151,2021,Abies concolor,16.51,alive,new,"",,,TRUE,TRUE
35_65479,35_65479_2,35_65479_2_161,2021,Pinus ponderosa,12.954,new,"","",TRUE,,TRUE,TRUE
35_65479,35_65479_2,35_65479_2_162,2021,Abies concolor,13.462,new,"","",TRUE,,TRUE,TRUE
35_65479,35_65479_2,35_65479_2_163,2021,Pinus ponderosa,13.462,new,"","",TRUE,,TRUE,TRUE
35_65479,35_65479_3,35_65479_3_141,2001,Pinus ponderosa,21.59,new,"","",TRUE,,TRUE,TRUE
35_65479,35_65479_3,35_65479_3_141,2011,Pinus ponderosa,21.59,alive,new,"",,,TRUE,TRUE
35_65479,35_65479_3,35_65479_3_141,2021,Pinus ponderosa,21.336,alive,alive,"",,,TRUE,TRUE
35_65479,35_65479_3,35_65479_3_143,2001,Abies concolor,38.862,new,"","",TRUE,,TRUE,TRUE
35_65479,35_65479_3,35_65479_3_143,2011,Abies concolor,40.386,alive,new,"",,,TRUE,TRUE
35_65479,35_65479_3,35_65479_3_143,2021,Abies concolor,40.894,alive,alive,"",,,TRUE,TRUE
35_65479,35_65479_3,35_65479_3_144,2001,Abies concolor,32.766,new,"","",TRUE,,TRUE,TRUE
35_65479,35_65479_3,35_65479_3_144,2011,Abies concolor,34.036,alive,new,"",,,TRUE,TRUE
35_65479,35_65479_3,35_65479_3_144,2021,Abies concolor,34.29,dead,alive,insect,,TRUE,,TRUE
35_65479,35_65479_3,35_65479_3_145,2001,Abies concolor,21.336,new,"","",TRUE,,TRUE,TRUE
35_65479,35_65479_3,35_65479_3_146,2001,Abies concolor,16.764,dead,"","",,,,TRUE
35_65479,35_65479_3,35_65479_3_147,2001,Abies concolor,22.352,dead,"","",,,,TRUE
35_65479,35_65479_3,35_65479_3_148,2001,Abies concolor,16.256,new,"","",TRUE,,TRUE,TRUE
35_65479,35_65479_3,35_65479_3_149,2001,Abies concolor,16.256,new,"","",TRUE,,TRUE,TRUE
35_65479,35_65479_3,35_65479_3_150,2001,Abies concolor,30.226,new,"","",TRUE,,TRUE,TRUE
35_65479,35_65479_3,35_65479_3_150,2011,Abies concolor,31.496,alive,new,"",,,TRUE,TRUE
35_65479,35_65479_3,35_65479_3_150,2021,Abies concolor,32.004,dead,alive,insect,,TRUE,,TRUE
35_65479,35_65479_3,35_65479_3_151,2001,Abies concolor,20.32,new,"","",TRUE,,TRUE,TRUE
35_65479,35_65479_3,35_65479_3_151,2011,Abies concolor,20.574,alive,new,"",,,TRUE,TRUE
35_65479,35_65479_3,35_65479_3_152,2001,Abies concolor,13.716,new,"","",TRUE,,TRUE,TRUE
35_65479,35_65479_3,35_65479_3_152,2011,Abies concolor,14.224,alive,new,"",,,TRUE,TRUE
35_65479,35_65479_3,35_65479_3_152,2021,Abies concolor,14.478,alive,alive,"",,,TRUE,TRUE
35_65479,35_65479_3,35_65479_3_153,2001,Abies concolor,36.068,new,"","",TRUE,,TRUE,TRUE
35_65479,35_65479_3,35_65479_3_153,2011,Abies concolor,37.592,alive,new,"",,,TRUE,TRUE
35_65479,35_65479_3,35_65479_3_153,2021,Abies concolor,37.846,dead,alive,insect,,TRUE,,TRUE
35_65479,35_65479_3,35_65479_3_154,2001,Abies concolor,15.748,new,"","",TRUE,,TRUE,TRUE
35_65479,35_65479_3,35_65479_3_154,2011,Abies concolor,16.002,alive,new,"",,,TRUE,TRUE
35_65479,35_65479_3,35_65479_3_154,2021,Abies concolor,16.002,dead,alive,disease,,TRUE,,TRUE
35_65479,35_65479_3,35_65479_3_155,2001,Abies concolor,22.352,new,"","",TRUE,,TRUE,TRUE
35_65479,35_65479_3,35_65479_3_155,2011,Abies concolor,22.606,dead,new,insect,,TRUE,,TRUE
35_65479,35_65479_3,35_65479_3_156,2001,Pinus ponderosa,68.326,new,"","",TRUE,,TRUE,TRUE
35_65479,35_65479_3,35_65479_3_156,2011,Pinus ponderosa,68.326,alive,new,"",,,TRUE,TRUE
35_65479,35_65479_3,35_65479_3_156,2021,Pinus ponderosa,68.072,alive,alive,"",,,TRUE,TRUE
35_65479,35_65479_3,35_65479_3_157,2001,Abies concolor,17.78,new,"","",TRUE,,TRUE,TRUE
35_65479,35_65479_3,35_65479_3_157,2011,Abies concolor,19.05,alive,new,"",,,TRUE,TRUE
35_65479,35_65479_3,35_65479_3_157,2021,Abies concolor,21.082,alive,alive,"",,,TRUE,TRUE
35_65479,35_65479_3,35_65479_3_158,2001,Abies concolor,15.494,new,"","",TRUE,,TRUE,TRUE
35_65479,35_65479_3,35_65479_3_158,2011,Abies concolor,16.002,alive,new,"",,,TRUE,TRUE
35_65479,35_65479_3,35_65479_3_158,2021,Abies concolor,15.748,dead,alive,disease,,TRUE,,TRUE
35_65479,35_65479_3,35_65479_3_159,2001,Abies concolor,12.954,new,"","",TRUE,,TRUE,TRUE
35_65479,35_65479_3,35_65479_3_159,2011,Abies concolor,13.462,alive,new,"",,,TRUE,TRUE
35_65479,35_65479_3,35_65479_3_159,2021,Abies concolor,13.97,alive,alive,"",,,TRUE,TRUE
35_65479,35_65479_3,35_65479_3_160,2001,Abies concolor,47.498,new,"","",TRUE,,TRUE,TRUE
35_65479,35_65479_3,35_65479_3_160,2011,Abies concolor,49.276,alive,new,"",,,TRUE,TRUE
35_65479,35_65479_3,35_65479_3_160,2021,Abies concolor,51.562,alive,alive,"",,,TRUE,TRUE
35_65479,35_65479_3,35_65479_3_161,2001,Abies concolor,40.64,new,"","",TRUE,,TRUE,TRUE
35_65479,35_65479_3,35_65479_3_161,2011,Abies concolor,42.672,alive,new,"",,,TRUE,TRUE
35_65479,35_65479_3,35_65479_3_161,2021,Abies concolor,44.196,alive,alive,"",,,TRUE,TRUE
35_65479,35_65479_3,35_65479_3_162,2001,Abies concolor,30.226,dead,"","",,,,TRUE
35_65479,35_65479_3,35_65479_3_162,2011,Abies concolor,30.734,dead,dead,"",,,,TRUE
35_65479,35_65479_3,35_65479_3_162,2021,Abies concolor,30.988,dead,dead,"",,,,TRUE
35_65479,35_65479_3,35_65479_3_163,2001,Abies concolor,14.224,new,"","",TRUE,,TRUE,TRUE
35_65479,35_65479_3,35_65479_3_163,2011,Abies concolor,14.732,alive,new,"",,,TRUE,TRUE
35_65479,35_65479_3,35_65479_3_163,2021,Abies concolor,15.494,alive,alive,"",,,TRUE,TRUE
35_65479,35_65479_3,35_65479_3_164,2001,Abies concolor,40.386,new,"","",TRUE,,TRUE,TRUE
35_65479,35_65479_3,35_65479_3_164,2011,Abies concolor,41.91,alive,new,"",,,TRUE,TRUE
35_65479,35_65479_3,35_65479_3_164,2021,Abies concolor,42.672,dead,alive,disease,,TRUE,,TRUE
35_65479,35_65479_3,35_65479_3_174,2011,Abies concolor,61.976,new,"","",TRUE,,TRUE,TRUE
35_65479,35_65479_3,35_65479_3_174,2021,Abies concolor,65.024,alive,new,"",,,TRUE,TRUE
35_65479,35_65479_3,35_65479_3_184,2021,Abies concolor,60.96,dead,"",insect,,,,TRUE
35_65479,35_65479_4,35_65479_4_166,2001,Abies concolor,20.828,new,"","",TRUE,,TRUE,TRUE
35_65479,35_65479_4,35_65479_4_166,2011,Abies concolor,21.336,alive,new,"",,,TRUE,TRUE
35_65479,35_65479_4,35_65479_4_166,2021,Abies concolor,21.336,dead,alive,disease,,TRUE,,TRUE
35_65479,35_65479_4,35_65479_4_167,2001,Abies concolor,20.32,new,"","",TRUE,,TRUE,TRUE
35_65479,35_65479_4,35_65479_4_167,2011,Abies concolor,21.336,alive,new,"",,,TRUE,TRUE
35_65479,35_65479_4,35_65479_4_167,2021,Abies concolor,21.59,dead,alive,disease,,TRUE,,TRUE
35_65479,35_65479_4,35_65479_4_168,2001,Abies concolor,48.26,new,"","",TRUE,,TRUE,TRUE
35_65479,35_65479_4,35_65479_4_168,2011,Abies concolor,50.546,alive,new,"",,,TRUE,TRUE
35_65479,35_65479_4,35_65479_4_168,2021,Abies concolor,52.324,alive,alive,"",,,TRUE,TRUE
35_65479,35_65479_4,35_65479_4_169,2001,Abies concolor,71.882,dead,"","",,,,TRUE
35_65479,35_65479_4,35_65479_4_169,2011,Abies concolor,71.882,dead,dead,"",,,,TRUE
35_65479,35_65479_4,35_65479_4_169,2021,Abies concolor,72.898,dead,dead,"",,,,TRUE
35_65479,35_65479_4,35_65479_4_170,2001,Abies concolor,60.96,new,"","",TRUE,,TRUE,TRUE
35_65479,35_65479_4,35_65479_4_170,2011,Abies concolor,63.754,alive,new,"",,,TRUE,TRUE
35_65479,35_65479_4,35_65479_4_170,2021,Abies concolor,65.024,dead,alive,disease,,TRUE,,TRUE
35_65479,35_65479_4,35_65479_4_171,2001,Pinus ponderosa,52.832,new,"","",TRUE,,TRUE,TRUE
35_65479,35_65479_4,35_65479_4_171,2011,Pinus ponderosa,54.102,alive,new,"",,,TRUE,TRUE
35_65479,35_65479_4,35_65479_4_171,2021,Pinus ponderosa,55.626,alive,alive,"",,,TRUE,TRUE
35_65479,35_65479_4,35_65479_4_172,2001,Abies concolor,15.748,new,"","",TRUE,,TRUE,TRUE
35_65479,35_65479_4,35_65479_4_172,2011,Abies concolor,17.018,alive,new,"",,,TRUE,TRUE
35_65479,35_65479_4,35_65479_4_172,2021,Abies concolor,18.542,alive,alive,"",,,TRUE,TRUE
35_65479,35_65479_4,35_65479_4_173,2001,Abies concolor,17.018,new,"","",TRUE,,TRUE,TRUE
35_65479,35_65479_4,35_65479_4_173,2011,Abies concolor,18.288,alive,new,"",,,TRUE,TRUE
35_65479,35_65479_4,35_65479_4_173,2021,Abies concolor,18.796,alive,alive,"",,,TRUE,TRUE
35_65479,35_65479_4,35_65479_4_174,2001,Abies concolor,23.114,new,"","",TRUE,,TRUE,TRUE
35_65479,35_65479_4,35_65479_4_174,2011,Abies concolor,22.86,dead,new,insect,,TRUE,,TRUE
35_65479,35_65479_4,35_65479_4_175,2001,Pinus ponderosa,68.834,new,"","",TRUE,,TRUE,TRUE
35_65479,35_65479_4,35_65479_4_175,2011,Pinus ponderosa,69.596,alive,new,"",,,TRUE,TRUE
35_65479,35_65479_4,35_65479_4_175,2021,Pinus ponderosa,70.612,alive,alive,"",,,TRUE,TRUE
35_65479,35_65479_4,35_65479_4_178,2001,Abies concolor,69.088,new,"","",TRUE,,TRUE,TRUE
35_65479,35_65479_4,35_65479_4_178,2011,Abies concolor,72.644,alive,new,"",,,TRUE,TRUE
35_65479,35_65479_4,35_65479_4_178,2021,Abies concolor,74.676,alive,alive,"",,,TRUE,TRUE
35_65479,35_65479_4,35_65479_4_179,2001,Abies concolor,33.274,new,"","",TRUE,,TRUE,TRUE
35_65479,35_65479_4,35_65479_4_179,2011,Abies concolor,35.052,alive,new,"",,,TRUE,TRUE
35_65479,35_65479_4,35_65479_4_179,2021,Abies concolor,37.084,alive,alive,"",,,TRUE,TRUE
35_65479,35_65479_4,35_65479_4_181,2001,Abies concolor,76.962,new,"","",TRUE,,TRUE,TRUE
35_65479,35_65479_4,35_65479_4_181,2011,Abies concolor,76.962,alive,new,"",,,TRUE,TRUE
35_65479,35_65479_4,35_65479_4_181,2021,Abies concolor,77.47,dead,alive,disease,,TRUE,,TRUE
35_65479,35_65479_4,35_65479_4_182,2001,Abies concolor,15.494,new,"","",TRUE,,TRUE,TRUE
35_65479,35_65479_4,35_65479_4_182,2011,Abies concolor,16.764,alive,new,"",,,TRUE,TRUE
35_65479,35_65479_4,35_65479_4_182,2021,Abies concolor,18.034,alive,alive,"",,,TRUE,TRUE
35_65479,35_65479_4,35_65479_4_192,2021,Abies concolor,13.208,alive,"","",,,TRUE,TRUE
35_71346,35_71346_1,35_71346_1_101,2001,Pinus contorta,24.892,new,"","",TRUE,,TRUE,TRUE
35_71346,35_71346_1,35_71346_1_101,2011,Pinus contorta,26.67,alive,new,"",,,TRUE,TRUE
35_71346,35_71346_1,35_71346_1_101,2021,Pinus contorta,28.956,alive,alive,"",,,TRUE,TRUE
35_71346,35_71346_1,35_71346_1_102,2001,Pinus contorta,34.544,new,"","",TRUE,,TRUE,TRUE
35_71346,35_71346_1,35_71346_1_102,2011,Pinus contorta,36.068,alive,new,"",,,TRUE,TRUE
35_71346,35_71346_1,35_71346_1_102,2021,Pinus contorta,37.592,alive,alive,"",,,TRUE,TRUE
35_71346,35_71346_1,35_71346_1_103,2001,Pinus contorta,23.622,new,"","",TRUE,,TRUE,TRUE
35_71346,35_71346_1,35_71346_1_103,2011,Pinus contorta,24.892,alive,new,"",,,TRUE,TRUE
35_71346,35_71346_1,35_71346_1_103,2021,Pinus contorta,26.924,alive,alive,"",,,TRUE,TRUE
35_71346,35_71346_1,35_71346_1_104,2001,Pinus contorta,18.034,new,"","",TRUE,,TRUE,TRUE
35_71346,35_71346_1,35_71346_1_104,2011,Pinus contorta,17.272,dead,new,disease,,TRUE,,TRUE
35_71346,35_71346_1,35_71346_1_105,2001,Pinus contorta,29.972,new,"","",TRUE,,TRUE,TRUE
35_71346,35_71346_1,35_71346_1_105,2011,Pinus contorta,30.48,alive,new,"",,,TRUE,TRUE
35_71346,35_71346_1,35_71346_1_105,2021,Pinus contorta,30.734,alive,alive,"",,,TRUE,TRUE
35_71346,35_71346_1,35_71346_1_106,2001,Pinus contorta,13.208,new,"","",TRUE,,TRUE,TRUE
35_71346,35_71346_1,35_71346_1_106,2011,Pinus contorta,15.748,alive,new,"",,,TRUE,TRUE
35_71346,35_71346_1,35_71346_1_106,2021,Pinus contorta,18.542,alive,alive,"",,,TRUE,TRUE
35_71346,35_71346_1,35_71346_1_116,2021,Pinus contorta,13.97,new,"","",TRUE,,TRUE,TRUE
35_71346,35_71346_1,35_71346_1_117,2021,Pinus contorta,13.716,new,"","",TRUE,,TRUE,TRUE
35_71346,35_71346_1,35_71346_1_118,2021,Pinus contorta,13.208,new,"","",TRUE,,TRUE,TRUE
35_71346,35_71346_2,35_71346_2_110,2021,Pinus contorta,13.97,alive,"","",,,TRUE,TRUE
35_71346,35_71346_2,35_71346_2_111,2001,Pinus ponderosa,15.494,new,"","",TRUE,,TRUE,TRUE
35_71346,35_71346_2,35_71346_2_111,2011,Pinus ponderosa,21.59,alive,new,"",,,TRUE,TRUE
35_71346,35_71346_2,35_71346_2_111,2021,Pinus ponderosa,28.448,alive,alive,"",,,TRUE,TRUE
35_71346,35_71346_2,35_71346_2_112,2001,Pinus contorta,13.716,new,"","",TRUE,,TRUE,TRUE
35_71346,35_71346_2,35_71346_2_112,2011,Pinus contorta,16.51,alive,new,"",,,TRUE,TRUE
35_71346,35_71346_2,35_71346_2_112,2021,Pinus contorta,18.796,alive,alive,"",,,TRUE,TRUE
35_71346,35_71346_2,35_71346_2_113,2001,Pinus ponderosa,17.272,new,"","",TRUE,,TRUE,TRUE
35_71346,35_71346_2,35_71346_2_113,2011,Pinus ponderosa,18.034,alive,new,"",,,TRUE,TRUE
35_71346,35_71346_2,35_71346_2_113,2021,Pinus ponderosa,18.542,alive,alive,"",,,TRUE,TRUE
35_71346,35_71346_2,35_71346_2_129,2011,Pinus contorta,15.24,new,"","",TRUE,,TRUE,TRUE
35_71346,35_71346_2,35_71346_2_129,2021,Pinus contorta,21.082,alive,new,"",,,TRUE,TRUE
35_71346,35_71346_2,35_71346_2_142,2021,Pinus contorta,13.208,new,"","",TRUE,,TRUE,TRUE
35_71346,35_71346_2,35_71346_2_143,2021,Pinus contorta,14.732,new,"","",TRUE,,TRUE,TRUE
35_71346,35_71346_3,35_71346_3_115,2001,Pinus contorta,21.844,new,"","",TRUE,,TRUE,TRUE
35_71346,35_71346_3,35_71346_3_115,2011,Pinus contorta,21.336,dead,new,disease,,TRUE,,TRUE
35_71346,35_71346_3,35_71346_3_116,2001,Pinus contorta,26.162,new,"","",TRUE,,TRUE,TRUE
35_71346,35_71346_3,35_71346_3_116,2011,Pinus contorta,26.416,dead,new,disease,,TRUE,,TRUE
35_71346,35_71346_3,35_71346_3_117,2001,Pinus contorta,23.876,new,"","",TRUE,,TRUE,TRUE
35_71346,35_71346_3,35_71346_3_117,2011,Pinus contorta,24.13,dead,new,disease,,TRUE,,TRUE
35_71346,35_71346_3,35_71346_3_118,2001,Pinus contorta,13.716,dead,"","",,,,TRUE
35_71346,35_71346_3,35_71346_3_119,2001,Pinus contorta,20.574,new,"","",TRUE,,TRUE,TRUE
35_71346,35_71346_3,35_71346_3_120,2001,Pinus contorta,26.924,new,"","",TRUE,,TRUE,TRUE
35_71346,35_71346_3,35_71346_3_121,2001,Pinus contorta,30.988,new,"","",TRUE,,TRUE,TRUE
35_71346,35_71346_3,35_71346_3_121,2011,Pinus contorta,33.528,dead,new,disease,,TRUE,,TRUE
35_71346,35_71346_3,35_71346_3_122,2001,Pinus contorta,22.352,new,"","",TRUE,,TRUE,TRUE
35_71346,35_71346_3,35_71346_3_122,2011,Pinus contorta,20.828,dead,new,disease,,TRUE,,TRUE
35_71346,35_71346_3,35_71346_3_123,2001,Pinus contorta,25.146,new,"","",TRUE,,TRUE,TRUE
35_71346,35_71346_3,35_71346_3_143,2021,Pinus ponderosa,16.002,new,"","",TRUE,,TRUE,TRUE
35_71346,35_71346_4,35_71346_4_124,2001,Pinus contorta,23.876,new,"","",TRUE,,TRUE,TRUE
35_71346,35_71346_4,35_71346_4_124,2011,Pinus contorta,25.908,alive,new,"",,,TRUE,TRUE
35_71346,35_71346_4,35_71346_4_124,2021,Pinus contorta,27.178,alive,alive,"",,,TRUE,TRUE
35_71346,35_71346_4,35_71346_4_125,2001,Pinus contorta,24.384,new,"","",TRUE,,TRUE,TRUE
35_71346,35_71346_4,35_71346_4_125,2011,Pinus contorta,25.654,alive,new,"",,,TRUE,TRUE
35_71346,35_71346_4,35_71346_4_125,2021,Pinus contorta,26.162,alive,alive,"",,,TRUE,TRUE
35_71346,35_71346_4,35_71346_4_126,2001,Pinus contorta,17.78,new,"","",TRUE,,TRUE,TRUE
35_71346,35_71346_4,35_71346_4_126,2011,Pinus contorta,20.066,alive,new,"",,,TRUE,TRUE
35_71346,35_71346_4,35_71346_4_126,2021,Pinus contorta,23.114,alive,alive,"",,,TRUE,TRUE
35_71346,35_71346_4,35_71346_4_127,2001,Pinus contorta,13.208,new,"","",TRUE,,TRUE,TRUE
35_71346,35_71346_4,35_71346_4_127,2011,Pinus contorta,16.256,alive,new,"",,,TRUE,TRUE
35_71346,35_71346_4,35_71346_4_127,2021,Pinus contorta,19.812,alive,alive,"",,,TRUE,TRUE
35_71346,35_71346_4,35_71346_4_128,2001,Pinus contorta,20.574,new,"","",TRUE,,TRUE,TRUE
35_71346,35_71346_4,35_71346_4_128,2011,Pinus contorta,24.13,alive,new,"",,,TRUE,TRUE
35_71346,35_71346_4,35_71346_4_128,2021,Pinus contorta,27.432,alive,alive,"",,,TRUE,TRUE
35_71346,35_71346_4,35_71346_4_129,2001,Pinus contorta,20.32,new,"","",TRUE,,TRUE,TRUE
35_71346,35_71346_4,35_71346_4_129,2011,Pinus contorta,22.606,alive,new,"",,,TRUE,TRUE
35_71346,35_71346_4,35_71346_4_129,2021,Pinus contorta,24.638,alive,alive,"",,,TRUE,TRUE
35_71346,35_71346_4,35_71346_4_130,2001,Pinus contorta,19.304,new,"","",TRUE,,TRUE,TRUE
35_71346,35_71346_4,35_71346_4_130,2011,Pinus contorta,21.336,alive,new,"",,,TRUE,TRUE
35_71346,35_71346_4,35_71346_4_130,2021,Pinus contorta,24.638,alive,alive,"",,,TRUE,TRUE
35_71346,35_71346_4,35_71346_4_131,2001,Pinus contorta,19.304,dead,"","",,,,TRUE
35_71346,35_71346_4,35_71346_4_132,2001,Pinus contorta,14.986,new,"","",TRUE,,TRUE,TRUE
35_71346,35_71346_4,35_71346_4_132,2011,Pinus contorta,17.78,alive,new,"",,,TRUE,TRUE
35_71346,35_71346_4,35_71346_4_132,2021,Pinus contorta,21.336,alive,alive,"",,,TRUE,TRUE
35_71346,35_71346_4,35_71346_4_142,2011,Pinus ponderosa,13.208,new,"","",TRUE,,TRUE,TRUE
35_71346,35_71346_4,35_71346_4_142,2021,Pinus ponderosa,20.574,alive,new,"",,,TRUE,TRUE
35_71346,35_71346_4,35_71346_4_153,2021,Pinus contorta,14.986,new,"","",TRUE,,TRUE,TRUE
35_71346,35_71346_4,35_71346_4_154,2021,Pinus contorta,13.716,new,"","",TRUE,,TRUE,TRUE
35_71346,35_71346_4,35_71346_4_155,2021,Pinus contorta,13.97,new,"","",TRUE,,TRUE,TRUE
35_71346,35_71346_4,35_71346_4_156,2021,Pinus contorta,13.208,new,"","",TRUE,,TRUE,TRUE
35_93622,35_93622_1,35_93622_1_100,2001,Pinus contorta,22.86,new,"","",TRUE,,TRUE,TRUE
35_93622,35_93622_1,35_93622_1_100,2011,Pinus contorta,24.892,alive,new,"",,,TRUE,TRUE
35_93622,35_93622_1,35_93622_1_100,2021,Pinus contorta,25.654,alive,alive,"",,,TRUE,TRUE
35_93622,35_93622_1,35_93622_1_101,2001,Pinus contorta,30.48,new,"","",TRUE,,TRUE,TRUE
35_93622,35_93622_1,35_93622_1_101,2011,Pinus contorta,33.528,alive,new,"",,,TRUE,TRUE
35_93622,35_93622_1,35_93622_1_101,2021,Pinus contorta,35.814,alive,alive,"",,,TRUE,TRUE
35_93622,35_93622_1,35_93622_1_102,2001,Pinus contorta,13.462,new,"","",TRUE,,TRUE,TRUE
35_93622,35_93622_1,35_93622_1_102,2011,Pinus contorta,13.208,dead,new,disease,,TRUE,,TRUE
35_93622,35_93622_1,35_93622_1_103,2001,Pinus contorta,13.462,new,"","",TRUE,,TRUE,TRUE
35_93622,35_93622_1,35_93622_1_103,2011,Pinus contorta,16.256,alive,new,"",,,TRUE,TRUE
35_93622,35_93622_1,35_93622_1_103,2021,Pinus contorta,18.034,alive,alive,"",,,TRUE,TRUE
35_93622,35_93622_1,35_93622_1_104,2001,Pinus contorta,23.622,new,"","",TRUE,,TRUE,TRUE
35_93622,35_93622_1,35_93622_1_104,2011,Pinus contorta,26.924,alive,new,"",,,TRUE,TRUE
35_93622,35_93622_1,35_93622_1_104,2021,Pinus contorta,26.416,alive,alive,"",,,TRUE,TRUE
35_93622,35_93622_1,35_93622_1_105,2001,Pinus contorta,17.018,new,"","",TRUE,,TRUE,TRUE
35_93622,35_93622_1,35_93622_1_105,2011,Pinus contorta,19.812,alive,new,"",,,TRUE,TRUE
35_93622,35_93622_1,35_93622_1_105,2021,Pinus contorta,21.844,alive,alive,"",,,TRUE,TRUE
35_93622,35_93622_1,35_93622_1_106,2001,Pinus contorta,22.098,new,"","",TRUE,,TRUE,TRUE
35_93622,35_93622_1,35_93622_1_106,2011,Pinus contorta,26.67,alive,new,"",,,TRUE,TRUE
35_93622,35_93622_1,35_93622_1_106,2021,Pinus contorta,29.464,alive,alive,"",,,TRUE,TRUE
35_93622,35_93622_1,35_93622_1_107,2001,Pinus contorta,16.256,new,"","",TRUE,,TRUE,TRUE
35_93622,35_93622_1,35_93622_1_107,2011,Pinus contorta,16.51,alive,new,"",,,TRUE,TRUE
35_93622,35_93622_1,35_93622_1_107,2021,Pinus contorta,16.002,dead,alive,disease,,TRUE,,TRUE
35_93622,35_93622_1,35_93622_1_108,2001,Pinus contorta,23.622,new,"","",TRUE,,TRUE,TRUE
35_93622,35_93622_1,35_93622_1_108,2011,Pinus contorta,26.162,alive,new,"",,,TRUE,TRUE
35_93622,35_93622_1,35_93622_1_108,2021,Pinus contorta,28.448,alive,alive,"",,,TRUE,TRUE
35_93622,35_93622_1,35_93622_1_109,2001,Pinus contorta,21.082,new,"","",TRUE,,TRUE,TRUE
35_93622,35_93622_1,35_93622_1_109,2011,Pinus contorta,23.368,alive,new,"",,,TRUE,TRUE
35_93622,35_93622_1,35_93622_1_109,2021,Pinus contorta,25.654,alive,alive,"",,,TRUE,TRUE
35_93622,35_93622_1,35_93622_1_110,2001,Pinus contorta,18.796,new,"","",TRUE,,TRUE,TRUE
35_93622,35_93622_1,35_93622_1_110,2011,Pinus contorta,19.304,alive,new,"",,,TRUE,TRUE
35_93622,35_93622_1,35_93622_1_110,2021,Pinus contorta,18.796,dead,alive,competition,,TRUE,,TRUE
35_93622,35_93622_1,35_93622_1_111,2001,Pinus contorta,16.51,new,"","",TRUE,,TRUE,TRUE
35_93622,35_93622_1,35_93622_1_111,2011,Pinus contorta,19.304,alive,new,"",,,TRUE,TRUE
35_93622,35_93622_1,35_93622_1_111,2021,Pinus contorta,20.574,alive,alive,"",,,TRUE,TRUE
35_93622,35_93622_1,35_93622_1_112,2001,Pinus contorta,19.05,new,"","",TRUE,,TRUE,TRUE
35_93622,35_93622_1,35_93622_1_112,2011,Pinus contorta,22.098,alive,new,"",,,TRUE,TRUE
35_93622,35_93622_1,35_93622_1_112,2021,Pinus contorta,23.876,alive,alive,"",,,TRUE,TRUE
35_93622,35_93622_1,35_93622_1_127,2011,Pinus contorta,13.462,new,"","",TRUE,,TRUE,TRUE
35_93622,35_93622_1,35_93622_1_127,2021,Pinus contorta,15.494,alive,new,"",,,TRUE,TRUE
35_93622,35_93622_1,35_93622_1_128,2011,Pinus contorta,13.462,new,"","",TRUE,,TRUE,TRUE
35_93622,35_93622_1,35_93622_1_128,2021,Pinus contorta,14.732,alive,new,"",,,TRUE,TRUE
35_93622,35_93622_1,35_93622_1_138,2021,Pinus contorta,15.24,new,"","",TRUE,,TRUE,TRUE
35_93622,35_93622_1,35_93622_1_139,2021,Pinus contorta,13.462,new,"","",TRUE,,TRUE,TRUE
35_93622,35_93622_2,35_93622_2_123,2021,Pinus contorta,14.224,alive,"","",,,TRUE,TRUE
35_93622,35_93622_2,35_93622_2_126,2011,Pinus contorta,14.732,new,"","",TRUE,,TRUE,TRUE
35_93622,35_93622_2,35_93622_2_126,2021,Pinus contorta,19.812,alive,new,"",,,TRUE,TRUE
35_93622,35_93622_2,35_93622_2_139,2011,Pinus contorta,18.796,new,"","",TRUE,,TRUE,TRUE
35_93622,35_93622_2,35_93622_2_139,2021,Pinus contorta,23.114,alive,new,"",,,TRUE,TRUE
35_93622,35_93622_2,35_93622_2_140,2011,Pinus contorta,13.716,new,"","",TRUE,,TRUE,TRUE
35_93622,35_93622_2,35_93622_2_140,2021,Pinus contorta,17.018,alive,new,"",,,TRUE,TRUE
35_93622,35_93622_2,35_93622_2_141,2011,Pinus contorta,12.954,new,"","",TRUE,,TRUE,TRUE
35_93622,35_93622_2,35_93622_2_141,2021,Pinus contorta,15.748,alive,new,"",,,TRUE,TRUE
35_93622,35_93622_2,35_93622_2_142,2011,Pinus contorta,12.954,new,"","",TRUE,,TRUE,TRUE
35_93622,35_93622_2,35_93622_2_142,2021,Pinus contorta,12.954,dead,new,competition,,TRUE,,TRUE
35_93622,35_93622_2,35_93622_2_143,2011,Pinus contorta,15.494,new,"","",TRUE,,TRUE,TRUE
35_93622,35_93622_2,35_93622_2_143,2021,Pinus contorta,18.542,alive,new,"",,,TRUE,TRUE
35_93622,35_93622_2,35_93622_2_144,2011,Pinus contorta,16.51,new,"","",TRUE,,TRUE,TRUE
35_93622,35_93622_2,35_93622_2_144,2021,Pinus contorta,19.812,alive,new,"",,,TRUE,TRUE
35_93622,35_93622_2,35_93622_2_145,2011,Pinus contorta,19.558,new,"","",TRUE,,TRUE,TRUE
35_93622,35_93622_2,35_93622_2_145,2021,Pinus contorta,23.622,alive,new,"",,,TRUE,TRUE
35_93622,35_93622_2,35_93622_2_146,2011,Pinus contorta,14.224,new,"","",TRUE,,TRUE,TRUE
35_93622,35_93622_2,35_93622_2_146,2021,Pinus contorta,17.526,alive,new,"",,,TRUE,TRUE
35_93622,35_93622_2,35_93622_2_147,2011,Pinus contorta,21.59,new,"","",TRUE,,TRUE,TRUE
35_93622,35_93622_2,35_93622_2_147,2021,Pinus contorta,28.956,alive,new,"",,,TRUE,TRUE
35_93622,35_93622_2,35_93622_2_157,2021,Pinus contorta,21.59,new,"","",TRUE,,TRUE,TRUE
35_93622,35_93622_2,35_93622_2_158,2021,Pinus contorta,14.986,new,"","",TRUE,,TRUE,TRUE
35_93622,35_93622_3,35_93622_3_129,2011,Pinus contorta,21.59,new,"","",TRUE,,TRUE,TRUE
35_93622,35_93622_3,35_93622_3_129,2021,Pinus contorta,25.4,alive,new,"",,,TRUE,TRUE
35_93622,35_93622_3,35_93622_3_139,2011,Pinus contorta,13.716,new,"","",TRUE,,TRUE,TRUE
35_93622,35_93622_3,35_93622_3_139,2021,Pinus contorta,20.828,alive,new,"",,,TRUE,TRUE
35_93622,35_93622_3,35_93622_3_140,2011,Pinus contorta,15.748,new,"","",TRUE,,TRUE,TRUE
35_93622,35_93622_3,35_93622_3_140,2021,Pinus contorta,21.844,alive,new,"",,,TRUE,TRUE
35_93622,35_93622_3,35_93622_3_141,2011,Pinus contorta,13.208,new,"","",TRUE,,TRUE,TRUE
35_93622,35_93622_3,35_93622_3_141,2021,Pinus contorta,17.78,alive,new,"",,,TRUE,TRUE
35_93622,35_93622_3,35_93622_3_142,2021,Pinus contorta,13.97,alive,"","",,,TRUE,TRUE
35_93622,35_93622_3,35_93622_3_143,2011,Pinus contorta,13.462,new,"","",TRUE,,TRUE,TRUE
35_93622,35_93622_3,35_93622_3_143,2021,Pinus contorta,14.732,alive,new,"",,,TRUE,TRUE
35_93622,35_93622_3,35_93622_3_153,2021,Pinus contorta,17.018,new,"","",TRUE,,TRUE,TRUE
35_93622,35_93622_3,35_93622_3_154,2021,Pinus contorta,15.494,new,"","",TRUE,,TRUE,TRUE
35_93622,35_93622_3,35_93622_3_155,2021,Pinus contorta,12.954,new,"","",TRUE,,TRUE,TRUE
35_93622,35_93622_3,35_93622_3_156,2021,Pinus contorta,15.494,new,"","",TRUE,,TRUE,TRUE
35_93622,35_93622_3,35_93622_3_157,2021,Pinus contorta,13.716,new,"","",TRUE,,TRUE,TRUE
35_93622,35_93622_4,35_93622_4_131,2001,Pinus contorta,24.892,new,"","",TRUE,,TRUE,TRUE
35_93622,35_93622_4,35_93622_4_131,2011,Pinus contorta,26.924,alive,new,"",,,TRUE,TRUE
35_93622,35_93622_4,35_93622_4_131,2021,Pinus contorta,28.194,alive,alive,"",,,TRUE,TRUE
35_93622,35_93622_4,35_93622_4_132,2001,Pinus contorta,14.224,new,"","",TRUE,,TRUE,TRUE
35_93622,35_93622_4,35_93622_4_132,2011,Pinus contorta,18.542,alive,new,"",,,TRUE,TRUE
35_93622,35_93622_4,35_93622_4_132,2021,Pinus contorta,21.844,alive,alive,"",,,TRUE,TRUE
35_93622,35_93622_4,35_93622_4_133,2001,Pinus contorta,19.304,new,"","",TRUE,,TRUE,TRUE
35_93622,35_93622_4,35_93622_4_133,2011,Pinus contorta,22.352,alive,new,"",,,TRUE,TRUE
35_93622,35_93622_4,35_93622_4_133,2021,Pinus contorta,23.368,alive,alive,"",,,TRUE,TRUE
35_93622,35_93622_4,35_93622_4_134,2001,Pinus contorta,14.732,new,"","",TRUE,,TRUE,TRUE
35_93622,35_93622_4,35_93622_4_134,2011,Pinus contorta,17.526,alive,new,"",,,TRUE,TRUE
35_93622,35_93622_4,35_93622_4_134,2021,Pinus contorta,19.304,alive,alive,"",,,TRUE,TRUE
35_93622,35_93622_4,35_93622_4_135,2011,Pinus contorta,13.97,new,"","",TRUE,,TRUE,TRUE
35_93622,35_93622_4,35_93622_4_136,2011,Pinus contorta,15.748,new,"","",TRUE,,TRUE,TRUE
35_93622,35_93622_4,35_93622_4_136,2021,Pinus contorta,17.018,alive,new,"",,,TRUE,TRUE
35_93622,35_93622_4,35_93622_4_141,2021,Pinus contorta,12.954,alive,"","",,,TRUE,TRUE
35_93622,35_93622_4,35_93622_4_143,2021,Pinus contorta,13.462,alive,"","",,,TRUE,TRUE
35_93622,35_93622_4,35_93622_4_154,2011,Pinus contorta,13.716,new,"","",TRUE,,TRUE,TRUE
35_93622,35_93622_4,35_93622_4_154,2021,Pinus contorta,16.51,alive,new,"",,,TRUE,TRUE
35_93622,35_93622_4,35_93622_4_155,2011,Pinus contorta,13.208,new,"","",TRUE,,TRUE,TRUE
35_93622,35_93622_4,35_93622_4_155,2021,Pinus contorta,15.494,alive,new,"",,,TRUE,TRUE
35_93622,35_93622_4,35_93622_4_156,2011,Pinus contorta,12.954,new,"","",TRUE,,TRUE,TRUE
35_93622,35_93622_4,35_93622_4_156,2021,Pinus contorta,16.51,alive,new,"",,,TRUE,TRUE
35_93622,35_93622_4,35_93622_4_157,2011,Pinus contorta,16.764,new,"","",TRUE,,TRUE,TRUE
35_93622,35_93622_4,35_93622_4_157,2021,Pinus contorta,19.304,alive,new,"",,,TRUE,TRUE
35_93622,35_93622_4,35_93622_4_167,2021,Pinus contorta,14.986,new,"","",TRUE,,TRUE,TRUE
35_93622,35_93622_4,35_93622_4_169,2021,Pinus contorta,15.24,new,"","",TRUE,,TRUE,TRUE
63_59287,63_59287_1,63_59287_1_100,2001,Pseudotsuga menziesii,19.812,new,"","",TRUE,,TRUE,TRUE
63_59287,63_59287_1,63_59287_1_100,2011,Pseudotsuga menziesii,26.67,alive,new,"",,,TRUE,TRUE
63_59287,63_59287_1,63_59287_1_100,2021,Pseudotsuga menziesii,30.988,alive,alive,"",,,TRUE,TRUE
63_59287,63_59287_1,63_59287_1_101,2001,Pseudotsuga menziesii,35.814,new,"","",TRUE,,TRUE,TRUE
63_59287,63_59287_1,63_59287_1_102,2001,Abies grandis,66.802,new,"","",TRUE,,TRUE,TRUE
63_59287,63_59287_1,63_59287_1_102,2011,Abies grandis,73.914,alive,new,"",,,TRUE,TRUE
63_59287,63_59287_1,63_59287_1_102,2021,Abies grandis,79.756,alive,alive,"",,,TRUE,TRUE
63_59287,63_59287_1,63_59287_1_103,2001,Pseudotsuga menziesii,28.448,new,"","",TRUE,,TRUE,TRUE
63_59287,63_59287_1,63_59287_1_103,2011,Pseudotsuga menziesii,32.512,alive,new,"",,,TRUE,TRUE
63_59287,63_59287_1,63_59287_1_103,2021,Pseudotsuga menziesii,34.036,dead,alive,insect,,TRUE,,TRUE
63_59287,63_59287_1,63_59287_1_104,2001,Pseudotsuga menziesii,16.256,dead,"","",,,,TRUE
63_59287,63_59287_1,63_59287_1_104,2011,Pseudotsuga menziesii,16.51,dead,dead,"",,,,TRUE
63_59287,63_59287_1,63_59287_1_104,2021,Pseudotsuga menziesii,16.764,dead,dead,"",,,,TRUE
63_59287,63_59287_1,63_59287_1_105,2001,Larix occidentalis,17.272,new,"","",TRUE,,TRUE,TRUE
63_59287,63_59287_1,63_59287_1_106,2001,Pseudotsuga menziesii,22.606,new,"","",TRUE,,TRUE,TRUE
63_59287,63_59287_1,63_59287_1_107,2001,Pseudotsuga menziesii,19.05,new,"","",TRUE,,TRUE,TRUE
63_59287,63_59287_1,63_59287_1_107,2011,Pseudotsuga menziesii,19.812,dead,new,insect,,TRUE,,TRUE
63_59287,63_59287_1,63_59287_1_107,2021,Pseudotsuga menziesii,19.812,dead,dead,"",,,,TRUE
63_59287,63_59287_1,63_59287_1_108,2001,Pseudotsuga menziesii,83.82,new,"","",TRUE,,TRUE,TRUE
63_59287,63_59287_1,63_59287_1_118,2011,Pseudotsuga menziesii,13.716,new,"","",TRUE,,TRUE,TRUE
63_59287,63_59287_1,63_59287_1_118,2021,Pseudotsuga menziesii,14.224,dead,new,insect,,TRUE,,TRUE
63_59287,63_59287_1,63_59287_1_128,2021,Pinus ponderosa,63.246,new,"","",TRUE,,TRUE,TRUE
63_59287,63_59287_2,63_59287_2_109,2001,Pseudotsuga menziesii,25.654,new,"","",TRUE,,TRUE,TRUE
63_59287,63_59287_2,63_59287_2_109,2011,Pseudotsuga menziesii,33.782,alive,new,"",,,TRUE,TRUE
63_59287,63_59287_2,63_59287_2_109,2021,Pseudotsuga menziesii,39.624,alive,alive,"",,,TRUE,TRUE
63_59287,63_59287_2,63_59287_2_110,2001,Abies concolor,14.986,new,"","",TRUE,,TRUE,TRUE
63_59287,63_59287_2,63_59287_2_110,2011,Abies grandis,22.098,alive,new,"",,,TRUE,TRUE
63_59287,63_59287_2,63_59287_2_110,2021,Abies grandis,31.496,alive,alive,"",,,TRUE,TRUE
63_59287,63_59287_2,63_59287_2_111,2001,Larix occidentalis,24.638,new,"","",TRUE,,TRUE,TRUE
63_59287,63_59287_2,63_59287_2_112,2001,Pseudotsuga menziesii,13.97,new,"","",TRUE,,TRUE,TRUE
63_59287,63_59287_2,63_59287_2_113,2021,Pseudotsuga menziesii,18.288,alive,"","",,,TRUE,TRUE
63_59287,63_59287_2,63_59287_2_123,2021,Abies grandis,17.018,new,"","",TRUE,,TRUE,TRUE
63_59287,63_59287_2,63_59287_2_133,2021,Pseudotsuga menziesii,14.224,new,"","",TRUE,,TRUE,TRUE
63_59287,63_59287_3,63_59287_3_114,2001,Abies grandis,24.384,new,"","",TRUE,,TRUE,TRUE
63_59287,63_59287_3,63_59287_3_114,2011,Abies grandis,30.734,alive,new,"",,,TRUE,TRUE
63_59287,63_59287_3,63_59287_3_114,2021,Abies grandis,36.322,alive,alive,"",,,TRUE,TRUE
63_59287,63_59287_3,63_59287_3_115,2021,Pseudotsuga menziesii,15.24,new,"","",TRUE,,TRUE,TRUE
63_59287,63_59287_3,63_59287_3_116,2021,Abies grandis,13.716,alive,"","",,,TRUE,TRUE
63_59287,63_59287_3,63_59287_3_126,2011,Larix occidentalis,34.29,new,"","",TRUE,,TRUE,TRUE
63_59287,63_59287_3,63_59287_3_126,2021,Larix occidentalis,37.338,alive,new,"",,,TRUE,TRUE
63_59287,63_59287_3,63_59287_3_137,2021,Abies grandis,12.954,new,"","",TRUE,,TRUE,TRUE
63_59287,63_59287_4,63_59287_4_119,2001,Pseudotsuga menziesii,53.086,new,"","",TRUE,,TRUE,TRUE
63_59287,63_59287_4,63_59287_4_119,2011,Pseudotsuga menziesii,58.674,alive,new,"",,,TRUE,TRUE
63_59287,63_59287_4,63_59287_4_119,2021,Pseudotsuga menziesii,61.468,alive,alive,"",,,TRUE,TRUE
63_59287,63_59287_4,63_59287_4_120,2001,Pinus ponderosa,25.4,new,"","",TRUE,,TRUE,TRUE
63_59287,63_59287_4,63_59287_4_120,2011,Pinus ponderosa,26.67,dead,new,insect,,TRUE,,TRUE
63_59287,63_59287_4,63_59287_4_121,2001,Pseudotsuga menziesii,14.732,dead,"","",,,,TRUE
63_59287,63_59287_4,63_59287_4_121,2011,Pseudotsuga menziesii,13.462,dead,dead,"",,,,TRUE
63_59287,63_59287_4,63_59287_4_122,2001,Pinus ponderosa,81.026,new,"","",TRUE,,TRUE,TRUE
63_59287,63_59287_4,63_59287_4_123,2001,Pseudotsuga menziesii,37.592,new,"","",TRUE,,TRUE,TRUE
63_59287,63_59287_4,63_59287_4_124,2001,Pinus ponderosa,26.162,dead,"","",,,,TRUE
63_59287,63_59287_4,63_59287_4_144,2021,Pseudotsuga menziesii,16.256,new,"","",TRUE,,TRUE,TRUE
65_97189,65_97189_1,65_97189_1_100,2002,Pseudotsuga menziesii,67.818,new,"","",TRUE,,TRUE,TRUE
65_97189,65_97189_1,65_97189_1_101,2002,Pseudotsuga menziesii,66.04,new,"","",TRUE,,TRUE,TRUE
65_97189,65_97189_1,65_97189_1_102,2002,Pseudotsuga menziesii,52.07,new,"","",TRUE,,TRUE,TRUE
65_97189,65_97189_1,65_97189_1_102,2012,Pseudotsuga menziesii,55.88,alive,new,"",,,TRUE,TRUE
65_97189,65_97189_1,65_97189_1_102,2022,Pseudotsuga menziesii,62.484,alive,alive,"",,,TRUE,TRUE
65_97189,65_97189_1,65_97189_1_103,2002,Pseudotsuga menziesii,68.834,new,"","",TRUE,,TRUE,TRUE
65_97189,65_97189_1,65_97189_1_104,2002,Pinus ponderosa,91.44,new,"","",TRUE,,TRUE,TRUE
65_97189,65_97189_1,65_97189_1_104,2012,Pinus ponderosa,93.98,alive,new,"",,,TRUE,TRUE
65_97189,65_97189_1,65_97189_1_104,2022,Pinus ponderosa,96.52,alive,alive,"",,,TRUE,TRUE
65_97189,65_97189_1,65_97189_1_105,2002,Pseudotsuga menziesii,61.214,new,"","",TRUE,,TRUE,TRUE
65_97189,65_97189_1,65_97189_1_105,2012,Pseudotsuga menziesii,67.564,alive,new,"",,,TRUE,TRUE
65_97189,65_97189_1,65_97189_1_105,2022,Pseudotsuga menziesii,72.644,alive,alive,"",,,TRUE,TRUE
65_97189,65_97189_1,65_97189_1_106,2002,Pseudotsuga menziesii,64.516,new,"","",TRUE,,TRUE,TRUE
65_97189,65_97189_2,65_97189_2_107,2002,Pseudotsuga menziesii,13.716,new,"","",TRUE,,TRUE,TRUE
65_97189,65_97189_2,65_97189_2_107,2012,Pseudotsuga menziesii,16.764,alive,new,"",,,TRUE,TRUE
65_97189,65_97189_2,65_97189_2_107,2022,Pseudotsuga menziesii,25.146,alive,alive,"",,,TRUE,TRUE
65_97189,65_97189_2,65_97189_2_108,2002,Pinus ponderosa,69.088,new,"","",TRUE,,TRUE,TRUE
65_97189,65_97189_2,65_97189_2_109,2002,Pseudotsuga menziesii,61.722,new,"","",TRUE,,TRUE,TRUE
65_97189,65_97189_2,65_97189_2_110,2002,Pseudotsuga menziesii,72.136,new,"","",TRUE,,TRUE,TRUE
65_97189,65_97189_2,65_97189_2_110,2012,Pseudotsuga menziesii,77.724,alive,new,"",,,TRUE,TRUE
65_97189,65_97189_2,65_97189_2_110,2022,Pseudotsuga menziesii,83.82,alive,alive,"",,,TRUE,TRUE
65_97189,65_97189_2,65_97189_2_111,2002,Pseudotsuga menziesii,74.168,new,"","",TRUE,,TRUE,TRUE
65_97189,65_97189_2,65_97189_2_112,2002,Pinus ponderosa,64.516,new,"","",TRUE,,TRUE,TRUE
65_97189,65_97189_2,65_97189_2_112,2012,Pinus ponderosa,66.802,alive,new,"",,,TRUE,TRUE
65_97189,65_97189_2,65_97189_2_112,2022,Pinus ponderosa,70.358,alive,alive,"",,,TRUE,TRUE
65_97189,65_97189_2,65_97189_2_113,2002,Pseudotsuga menziesii,87.884,new,"","",TRUE,,TRUE,TRUE
65_97189,65_97189_2,65_97189_2_113,2012,Pseudotsuga menziesii,91.948,alive,new,"",,,TRUE,TRUE
65_97189,65_97189_2,65_97189_2_113,2022,Pseudotsuga menziesii,94.488,alive,alive,"",,,TRUE,TRUE
65_97189,65_97189_2,65_97189_2_114,2002,Pseudotsuga menziesii,74.168,new,"","",TRUE,,TRUE,TRUE
65_97189,65_97189_2,65_97189_2_115,2002,Pinus ponderosa,63.246,new,"","",TRUE,,TRUE,TRUE
65_97189,65_97189_3,65_97189_3_127,2002,Pinus ponderosa,79.248,new,"","",TRUE,,TRUE,TRUE
65_97189,65_97189_3,65_97189_3_127,2012,Pinus ponderosa,81.788,alive,new,"",,,TRUE,TRUE
65_97189,65_97189_3,65_97189_3_127,2022,Pinus ponderosa,84.328,alive,alive,"",,,TRUE,TRUE
65_97189,65_97189_3,65_97189_3_128,2002,Pseudotsuga menziesii,43.18,new,"","",TRUE,,TRUE,TRUE
65_97189,65_97189_3,65_97189_3_129,2002,Pseudotsuga menziesii,68.58,new,"","",TRUE,,TRUE,TRUE
65_97189,65_97189_3,65_97189_3_130,2002,Pinus ponderosa,84.582,new,"","",TRUE,,TRUE,TRUE
65_97189,65_97189_3,65_97189_3_141,2022,Pseudotsuga menziesii,16.51,new,"","",TRUE,,TRUE,TRUE
65_97189,65_97189_3,65_97189_3_142,2012,Pseudotsuga menziesii,73.152,new,"","",TRUE,,TRUE,TRUE
65_97189,65_97189_3,65_97189_3_142,2022,Pseudotsuga menziesii,76.2,alive,new,"",,,TRUE,TRUE
65_97189,65_97189_3,65_97189_3_152,2022,Pseudotsuga menziesii,82.804,new,"","",TRUE,,TRUE,TRUE
65_97189,65_97189_4,65_97189_4_116,2002,Pseudotsuga menziesii,60.452,new,"","",TRUE,,TRUE,TRUE
65_97189,65_97189_4,65_97189_4_117,2002,Pseudotsuga menziesii,62.992,new,"","",TRUE,,TRUE,TRUE
65_97189,65_97189_4,65_97189_4_117,2012,Pseudotsuga menziesii,67.31,alive,new,"",,,TRUE,TRUE
65_97189,65_97189_4,65_97189_4_117,2022,Pseudotsuga menziesii,71.882,alive,alive,"",,,TRUE,TRUE
65_97189,65_97189_4,65_97189_4_118,2002,Abies grandis,13.462,new,"","",TRUE,,TRUE,TRUE
65_97189,65_97189_4,65_97189_4_119,2002,Pinus ponderosa,69.342,new,"","",TRUE,,TRUE,TRUE
65_97189,65_97189_4,65_97189_4_119,2012,Pinus ponderosa,66.548,dead,new,unknown,,TRUE,,TRUE
65_97189,65_97189_4,65_97189_4_120,2002,Abies grandis,14.224,new,"","",TRUE,,TRUE,TRUE
65_97189,65_97189_4,65_97189_4_121,2002,Abies grandis,22.352,new,"","",TRUE,,TRUE,TRUE
65_97189,65_97189_4,65_97189_4_122,2002,Pseudotsuga menziesii,65.024,new,"","",TRUE,,TRUE,TRUE
65_97189,65_97189_4,65_97189_4_122,2012,Pseudotsuga menziesii,77.724,alive,new,"",,,TRUE,TRUE
65_97189,65_97189_4,65_97189_4_122,2022,Pseudotsuga menziesii,82.804,alive,alive,"",,,TRUE,TRUE
65_97189,65_97189_4,65_97189_4_123,2002,Pinus ponderosa,73.406,new,"","",TRUE,,TRUE,TRUE
