species_name,siteID,year,ba,trees,reg,dbh,growth,mort,species
Pseudotsuga menziesii,1,1,0,0,0,,,,1
Pinus contorta,1,1,0.308206090929751,12.75,29.1666666666667,17.3999769230769,0.132960649708966,0,2
Abies concolor,1,1,0,0,0,,,,3
Pinus ponderosa,1,1,0,0,0,,,,4
Abies grandis,1,1,0,0,0,,,,5
Alnus rubra,1,1,0,0,0,,,,6
Tsuga mertensiana,1,1,0,0,0,,,,7
Arbutus menziesii,1,1,0,0,0,,,,8
Picea engelmannii,1,1,0,0,0,,,,9
Lithocarpus densiflorus,1,1,0,0,0,,,,10
other,1,1,0,0,0,,,,11
Pseudotsuga menziesii,1,2,0,0,0,,,,1
Pinus contorta,1,2,0.305144310987304,10.5,16.6666666666667,18.5193214285714,0.138192767306654,0.25,2
Abies concolor,1,2,0,0,0,,,,3
Pinus ponderosa,1,2,0,0,0,,,,4
Abies grandis,1,2,0,0,0,,,,5
Alnus rubra,1,2,0,0,0,,,,6
Tsuga mertensiana,1,2,0,0,0,,,,7
Arbutus menziesii,1,2,0,0,0,,,,8
Picea engelmannii,1,2,0,0,0,,,,9
Lithocarpus densiflorus,1,2,0,0,0,,,,10
other,1,2,0,0,0,,,,11
Pseudotsuga menziesii,2,1,0.0577101815631118,0.5,0,35.941,0.126760563380282,0,1
Pinus contorta,2,1,0,0,0,,,,2
Abies concolor,2,1,0,0,0,,,,3
Pinus ponderosa,2,1,0.164939618289724,0.5,0,63.627,0.0308574645508602,0,4
Abies grandis,2,1,1.5742413295975,7.25,4.16666666666667,56.7021325757576,0.0916705507726853,0,5
Alnus rubra,2,1,0.0241243430798319,0.25,0,35.052,0.078125,0,6
Tsuga mertensiana,2,1,0,0,0,,,,7
Arbutus menziesii,2,1,0,0,0,,,,8
Picea engelmannii,2,1,0,0,0,,,,9
Lithocarpus densiflorus,2,1,0,0,0,,,,10
other,2,1,0,0,0,,,,11
Pseudotsuga menziesii,2,2,0.014775590090483,0.25,0,27.432,0.213483146067416,0.5,1
Pinus contorta,2,2,0,0,0,,,,2
Abies concolor,2,2,0,0,0,,,,3
Pinus ponderosa,2,2,0.169814144238642,0.5,0,64.643,0.0173929600317891,0,4
Abies grandis,2,2,2.27692552684814,8.75,29.1666666666667,59.0147019230769,0.060266840610016,0.0227272727272727,5
Alnus rubra,2,2,0.0248286664757774,0.25,0,35.56,0.0144927536231885,0,6
Tsuga mertensiana,2,2,0,0,0,,,,7
Arbutus menziesii,2,2,0,0,0,,,,8
Picea engelmannii,2,2,0,0,0,,,,9
Lithocarpus densiflorus,2,2,0,0,0,,,,10
other,2,2,0,0,0,,,,11
Pseudotsuga menziesii,3,1,0.193901751026239,1.25,0,48.26,0.0759524648124488,0,1
Pinus contorta,3,1,0.0363575283939432,1,0,21.1666666666667,0.0666844812095301,0.25,2
Abies concolor,3,1,0,0,0,,,,3
Pinus ponderosa,3,1,0.0836688057172766,0.25,0,65.278,0.0489795918367348,0,4
Abies grandis,3,1,0.917686514475198,5.5,4.16666666666667,41.6673392857143,0.0993811187523499,0,5
Alnus rubra,3,1,0,0,0,,,,6
Tsuga mertensiana,3,1,0,0,0,,,,7
Arbutus menziesii,3,1,0,0,0,,,,8
Picea engelmannii,3,1,0,0,0,,,,9
Lithocarpus densiflorus,3,1,0,0,0,,,,10
other,3,1,0.0247640612721925,0.5,0,24.511,0.151841868823001,0,11
Pseudotsuga menziesii,3,2,0.21296281962119,1.25,0,50.3766666666667,0.0557020560859627,0,1
Pinus contorta,3,2,0.044149422653765,1.25,4.16666666666667,21.8016666666667,0.0710081468932184,0,2
Abies concolor,3,2,0,0,0,,,,3
Pinus ponderosa,3,2,0.165049827166428,0.5,4.16666666666667,64.77,0.0350194552529182,0,4
Abies grandis,3,2,1.1071191055358,6,12.5,43.4462464285714,0.07749394325787,0.0357142857142857,5
Alnus rubra,3,2,0,0,0,,,,6
Tsuga mertensiana,3,2,0,0,0,,,,7
Arbutus menziesii,3,2,0,0,0,,,,8
Picea engelmannii,3,2,0,0,0,,,,9
Lithocarpus densiflorus,3,2,0,0,0,,,,10
other,3,2,0.0321873258409708,0.5,0,28.321,0.175706214689266,0,11
Pseudotsuga menziesii,4,1,8.67441400847891,9.75,4.16666666666667,105.607623397436,0.0156259311031822,0.0192307692307692,1
Pinus contorta,4,1,0,0,0,,,,2
Abies concolor,4,1,0,0,0,,,,3
Pinus ponderosa,4,1,0,0,0,,,,4
Abies grandis,4,1,0,0,0,,,,5
Alnus rubra,4,1,0,0,0,,,,6
Tsuga mertensiana,4,1,0,0,0,,,,7
Arbutus menziesii,4,1,0,0,0,,,,8
Picea engelmannii,4,1,0,0,0,,,,9
Lithocarpus densiflorus,4,1,0.225517764184528,5.5,4.16666666666667,20.3207055555556,0.0777579723868047,0.025,10
other,4,1,0,0,0,,,,11
Pseudotsuga menziesii,4,2,8.99262250504604,9.75,0,107.655498397436,0.0201670541930143,0,1
Pinus contorta,4,2,0,0,0,,,,2
Abies concolor,4,2,0,0,0,,,,3
Pinus ponderosa,4,2,0,0,0,,,,4
Abies grandis,4,2,0,0,0,,,,5
Alnus rubra,4,2,0,0,0,,,,6
Tsuga mertensiana,4,2,0,0,0,,,,7
Arbutus menziesii,4,2,0,0,0,,,,8
Picea engelmannii,4,2,0,0,0,,,,9
Lithocarpus densiflorus,4,2,0.261087362448474,6,8.33333333333333,21.2372222222222,0.0557182900834747,0,10
other,4,2,0,0,0,,,,11
Pseudotsuga menziesii,5,1,0,0,0,,,,1
Pinus contorta,5,1,0.0665471599985721,2.25,4.16666666666667,20.240625,0.0768780273847498,0.1875,2
Abies concolor,5,1,0,0,0,,,,3
Pinus ponderosa,5,1,0,0,0,,,,4
Abies grandis,5,1,0,0,0,,,,5
Alnus rubra,5,1,0,0,0,,,,6
Tsuga mertensiana,5,1,0.157586025999322,2.75,4.16666666666667,23.27275,0.0863170047773355,0,7
Arbutus menziesii,5,1,0,0,0,,,,8
Picea engelmannii,5,1,0,0,0,,,,9
Lithocarpus densiflorus,5,1,0,0,0,,,,10
other,5,1,0,0,0,,,,11
Pseudotsuga menziesii,5,2,0,0,0,,,,1
Pinus contorta,5,2,0.0566878992240326,2,4.16666666666667,18.9865,0.0811454380160921,0.375,2
Abies concolor,5,2,0,0,0,,,,3
Pinus ponderosa,5,2,0,0,0,,,,4
Abies grandis,5,2,0,0,0,,,,5
Alnus rubra,5,2,0,0,0,,,,6
Tsuga mertensiana,5,2,0.148318346206629,2.5,4.16666666666667,28.35275,0.0699987022840224,0.0833333333333333,7
Arbutus menziesii,5,2,0,0,0,,,,8
Picea engelmannii,5,2,0,0,0,,,,9
Lithocarpus densiflorus,5,2,0,0,0,,,,10
other,5,2,0,0,0,,,,11
Pseudotsuga menziesii,6,1,0,0,0,,,,1
Pinus contorta,6,1,0.101596116327746,2.25,0,23.5040714285714,0.121318945675564,0,2
Abies concolor,6,1,0,0,0,,,,3
Pinus ponderosa,6,1,0,0,0,,,,4
Abies grandis,6,1,0,0,0,,,,5
Alnus rubra,6,1,0,0,0,,,,6
Tsuga mertensiana,6,1,0.583744750682086,2.75,12.5,40.6287111111111,0.101280317433856,0.373015873015873,7
Arbutus menziesii,6,1,0,0,0,,,,8
Picea engelmannii,6,1,0,0,0,,,,9
Lithocarpus densiflorus,6,1,0,0,0,,,,10
other,6,1,0.182418492781192,3,20.8333333333333,23.0810740740741,0.272990944113786,0,11
Pseudotsuga menziesii,6,2,0,0,0,,,,1
Pinus contorta,6,2,0.134800657433005,3,12.5,22.4870634920635,0.0946854880519261,0,2
Abies concolor,6,2,0,0,0,,,,3
Pinus ponderosa,6,2,0,0,0,,,,4
Abies grandis,6,2,0,0,0,,,,5
Alnus rubra,6,2,0,0,0,,,,6
Tsuga mertensiana,6,2,0.612815825526607,3,4.16666666666667,35.1493666666667,0.0924215018538792,0,7
Arbutus menziesii,6,2,0,0,0,,,,8
Picea engelmannii,6,2,0,0,0,,,,9
Lithocarpus densiflorus,6,2,0,0,0,,,,10
other,6,2,0.234293937722496,3.25,8.33333333333333,28.3410036630036,0.185559159987018,0,11
Pseudotsuga menziesii,7,1,0.604561560692109,1.25,8.33333333333333,80.7437777777778,0.0431658898350893,0,1
Pinus contorta,7,1,0,0,0,,,,2
Abies concolor,7,1,0.0909894620215377,1.5,8.33333333333333,20.3623333333333,0.0789568205315333,0,3
Pinus ponderosa,7,1,0,0,0,,,,4
Abies grandis,7,1,0,0,0,,,,5
Alnus rubra,7,1,0,0,0,,,,6
Tsuga mertensiana,7,1,0,0,0,,,,7
Arbutus menziesii,7,1,0,0,0,,,,8
Picea engelmannii,7,1,0,0,0,,,,9
Lithocarpus densiflorus,7,1,0,0,0,,,,10
other,7,1,0.883448290112581,5.25,8.33333333333333,37.1881534391534,0.0439166988674661,0,11
Pseudotsuga menziesii,7,2,0.746993232760322,1.5,4.16666666666667,79.756,0.0180540527905071,0,1
Pinus contorta,7,2,0,0,0,,,,2
Abies concolor,7,2,0.077823934945887,1.25,0,21.8157777777778,0.0992047008710905,0,3
Pinus ponderosa,7,2,0,0,0,,,,4
Abies grandis,7,2,0,0,0,,,,5
Alnus rubra,7,2,0,0,0,,,,6
Tsuga mertensiana,7,2,0,0,0,,,,7
Arbutus menziesii,7,2,0,0,0,,,,8
Picea engelmannii,7,2,0,0,0,,,,9
Lithocarpus densiflorus,7,2,0,0,0,,,,10
other,7,2,1.08700788569042,6,12.5,39.0930694444444,0.0567202093905332,0,11
Pseudotsuga menziesii,8,1,0.205281134238072,0.75,0,62.484,0.106571762383166,0,1
Pinus contorta,8,1,0,0,0,,,,2
Abies concolor,8,1,0,0,0,,,,3
Pinus ponderosa,8,1,1.07075144299227,5.25,0,39.7457083333333,0.132901378153855,0,4
Abies grandis,8,1,0,0,0,,,,5
Alnus rubra,8,1,0,0,0,,,,6
Tsuga mertensiana,8,1,0,0,0,,,,7
Arbutus menziesii,8,1,0,0,0,,,,8
Picea engelmannii,8,1,0,0,0,,,,9
Lithocarpus densiflorus,8,1,0,0,0,,,,10
other,8,1,0,0,0,,,,11
Pseudotsuga menziesii,8,2,0.142163117104292,0.25,0,85.09,0.0307692307692309,0,1
Pinus contorta,8,2,0,0,0,,,,2
Abies concolor,8,2,0,0,0,,,,3
Pinus ponderosa,8,2,0.727050493151742,3.25,0,37.3168333333333,0.0855117674961842,0.03125,4
Abies grandis,8,2,0,0,0,,,,5
Alnus rubra,8,2,0,0,0,,,,6
Tsuga mertensiana,8,2,0,0,0,,,,7
Arbutus menziesii,8,2,0,0,0,,,,8
Picea engelmannii,8,2,0,0,0,,,,9
Lithocarpus densiflorus,8,2,0,0,0,,,,10
other,8,2,0,0,0,,,,11
Pseudotsuga menziesii,9,1,0.279743065060147,3.75,0,29.2644285714286,0.173825683017421,0,1
Pinus contorta,9,1,0,0,0,,,,2
Abies concolor,9,1,0,0,0,,,,3
Pinus ponderosa,9,1,0.120330358598678,1.75,0,27.7600833333333,0.180265984780025,0,4
Abies grandis,9,1,0,0,0,,,,5
Alnus rubra,9,1,0,0,0,,,,6
Tsuga mertensiana,9,1,0,0,0,,,,7
Arbutus menziesii,9,1,0,0,0,,,,8
Picea engelmannii,9,1,0,0,0,,,,9
Lithocarpus densiflorus,9,1,0,0,0,,,,10
other,9,1,0,0,0,,,,11
Pseudotsuga menziesii,9,2,0.103460799850825,1.5,0,29.1676666666667,0.0790255316181903,0,1
Pinus contorta,9,2,0,0,0,,,,2
Abies concolor,9,2,0,0,0,,,,3
Pinus ponderosa,9,2,0.067541573426301,1,0,29.5063333333333,0.143053743664321,0,4
Abies grandis,9,2,0,0,0,,,,5
Alnus rubra,9,2,0,0,0,,,,6
Tsuga mertensiana,9,2,0,0,0,,,,7
Arbutus menziesii,9,2,0,0,0,,,,8
Picea engelmannii,9,2,0,0,0,,,,9
Lithocarpus densiflorus,9,2,0,0,0,,,,10
other,9,2,0,0,0,,,,11
Pseudotsuga menziesii,10,1,0.0076740847709316,0.5,8.33333333333333,13.97,,,1
Pinus contorta,10,1,0.0114325874971373,0.25,0,24.13,0.0439560439560438,0,2
Abies concolor,10,1,0,0,0,,,,3
Pinus ponderosa,10,1,0.0964048982043922,1,0,40.005,0.123415971199476,0,4
Abies grandis,10,1,0.342152958491888,5.75,8.33333333333333,34.5910064935065,0.133174454819895,0,5
Alnus rubra,10,1,0,0,0,,,,6
Tsuga mertensiana,10,1,0,0,0,,,,7
Arbutus menziesii,10,1,0,0,0,,,,8
Picea engelmannii,10,1,0,0,0,,,,9
Lithocarpus densiflorus,10,1,0,0,0,,,,10
other,10,1,0,0,0,,,,11
Pseudotsuga menziesii,10,2,0.0152328935903685,0.5,0,19.685,0.409301555776233,0,1
Pinus contorta,10,2,0,0,0,,,,2
Abies concolor,10,2,0,0,0,,,,3
Pinus ponderosa,10,2,0.127715620106524,1.5,8.33333333333333,41.0972,0.0827154937324147,0,4
Abies grandis,10,2,0.228278053176911,4.75,8.33333333333333,22.733,0.134528201440912,0.425324675324675,5
Alnus rubra,10,2,0,0,0,,,,6
Tsuga mertensiana,10,2,0,0,0,,,,7
Arbutus menziesii,10,2,0,0,0,,,,8
Picea engelmannii,10,2,0,0,0,,,,9
Lithocarpus densiflorus,10,2,0,0,0,,,,10
other,10,2,0,0,0,,,,11
Pseudotsuga menziesii,11,1,0,0,0,,,,1
Pinus contorta,11,1,0,0,0,,,,2
Abies concolor,11,1,0,0,0,,,,3
Pinus ponderosa,11,1,0.362601138810867,2,0,39.116,0.088475210225403,0,4
Abies grandis,11,1,0,0,0,,,,5
Alnus rubra,11,1,0,0,0,,,,6
Tsuga mertensiana,11,1,0,0,0,,,,7
Arbutus menziesii,11,1,0,0,0,,,,8
Picea engelmannii,11,1,0,0,0,,,,9
Lithocarpus densiflorus,11,1,0,0,0,,,,10
other,11,1,0.149806799426477,1.5,0,28.4621111111111,0.0236573419810837,0,11
Pseudotsuga menziesii,11,2,0.00426140989920996,0.25,4.16666666666667,14.732,,,1
Pinus contorta,11,2,0,0,0,,,,2
Abies concolor,11,2,0,0,0,,,,3
Pinus ponderosa,11,2,0.484361679269298,2.5,4.16666666666667,38.90645,0.0545985191689934,0,4
Abies grandis,11,2,0,0,0,,,,5
Alnus rubra,11,2,0,0,0,,,,6
Tsuga mertensiana,11,2,0,0,0,,,,7
Arbutus menziesii,11,2,0,0,0,,,,8
Picea engelmannii,11,2,0,0,0,,,,9
Lithocarpus densiflorus,11,2,0,0,0,,,,10
other,11,2,0.0725427762449933,1.25,0,25.273,0.034496373439091,0.111111111111111,11
Pseudotsuga menziesii,12,1,0,0,0,,,,1
Pinus contorta,12,1,0,0,0,,,,2
Abies concolor,12,1,0,0,0,,,,3
Pinus ponderosa,12,1,0.43737849503868,8.5,16.6666666666667,25.0097636363636,0.161118016997635,0.0416666666666667,4
Abies grandis,12,1,0,0,0,,,,5
Alnus rubra,12,1,0,0,0,,,,6
Tsuga mertensiana,12,1,0,0,0,,,,7
Arbutus menziesii,12,1,0,0,0,,,,8
Picea engelmannii,12,1,0,0,0,,,,9
Lithocarpus densiflorus,12,1,0,0,0,,,,10
other,12,1,0,0,0,,,,11
Pseudotsuga menziesii,12,2,0,0,0,,,,1
Pinus contorta,12,2,0,0,0,,,,2
Abies concolor,12,2,0,0,0,,,,3
Pinus ponderosa,12,2,0.182527434889198,2.75,8.33333333333333,29.3581666666667,0.0649995733531838,0.025,4
Abies grandis,12,2,0,0,0,,,,5
Alnus rubra,12,2,0,0,0,,,,6
Tsuga mertensiana,12,2,0,0,0,,,,7
Arbutus menziesii,12,2,0,0,0,,,,8
Picea engelmannii,12,2,0,0,0,,,,9
Lithocarpus densiflorus,12,2,0,0,0,,,,10
other,12,2,0,0,0,,,,11
Pseudotsuga menziesii,13,1,0.185802031972866,1.25,4.16666666666667,50.32375,0.0469812931414398,0,1
Pinus contorta,13,1,0,0,0,,,,2
Abies concolor,13,1,0,0,0,,,,3
Pinus ponderosa,13,1,1.04417336894491,4.25,12.5,55.2779259259259,0.0284063077667401,0,4
Abies grandis,13,1,0,0,0,,,,5
Alnus rubra,13,1,0,0,0,,,,6
Tsuga mertensiana,13,1,0,0,0,,,,7
Arbutus menziesii,13,1,0,0,0,,,,8
Picea engelmannii,13,1,0,0,0,,,,9
Lithocarpus densiflorus,13,1,0,0,0,,,,10
other,13,1,0,0,0,,,,11
Pseudotsuga menziesii,13,2,0.207758933810858,1.25,0,53.086,0.0826616183883381,0,1
Pinus contorta,13,2,0,0,0,,,,2
Abies concolor,13,2,0,0,0,,,,3
Pinus ponderosa,13,2,0.846496647199396,3.5,8.33333333333333,52.5968148148148,0.00440559622319668,0.25,4
Abies grandis,13,2,0,0,0,,,,5
Alnus rubra,13,2,0,0,0,,,,6
Tsuga mertensiana,13,2,0,0,0,,,,7
Arbutus menziesii,13,2,0,0,0,,,,8
Picea engelmannii,13,2,0,0,0,,,,9
Lithocarpus densiflorus,13,2,0,0,0,,,,10
other,13,2,0,0,0,,,,11
Pseudotsuga menziesii,14,1,0,0,0,,,,1
Pinus contorta,14,1,0,0,0,,,,2
Abies concolor,14,1,0.0985406702287881,1.5,4.16666666666667,22.3266,0.682428435772184,0,3
Pinus ponderosa,14,1,0,0,0,,,,4
Abies grandis,14,1,0,0,0,,,,5
Alnus rubra,14,1,0,0,0,,,,6
Tsuga mertensiana,14,1,0,0,0,,,,7
Arbutus menziesii,14,1,0,0,0,,,,8
Picea engelmannii,14,1,0.0086760988108469,0.5,8.33333333333333,14.859,,,9
Lithocarpus densiflorus,14,1,0,0,0,,,,10
other,14,1,1.22433194636933,1.25,0,105.7656,0.0433272369420831,0.1,11
Pseudotsuga menziesii,14,2,0.00551804444737175,0.25,4.16666666666667,16.764,,,1
Pinus contorta,14,2,0,0,0,,,,2
Abies concolor,14,2,0.203871220677483,2.25,12.5,28.6899047619048,0.456063776916016,0,3
Pinus ponderosa,14,2,0,0,0,,,,4
Abies grandis,14,2,0,0,0,,,,5
Alnus rubra,14,2,0,0,0,,,,6
Tsuga mertensiana,14,2,0,0,0,,,,7
Arbutus menziesii,14,2,0,0,0,,,,8
Picea engelmannii,14,2,0.0573453521781616,1,8.33333333333333,26.4795,1.09035087719298,0,9
Lithocarpus densiflorus,14,2,0,0,0,,,,10
other,14,2,0.750201957871707,0.5,0,133.731,0.00561428235846839,0.333333333333333,11
Pseudotsuga menziesii,15,1,0.283045531055165,4.5,0,30.2683333333333,0.218890822638926,0,1
Pinus contorta,15,1,0,0,0,,,,2
Abies concolor,15,1,0.147197255909125,1.75,0,38.1,0.129699390269721,0,3
Pinus ponderosa,15,1,0.397411942624865,1,0,58.293,0.186078024425619,0,4
Abies grandis,15,1,0,0,0,,,,5
Alnus rubra,15,1,0,0,0,,,,6
Tsuga mertensiana,15,1,0,0,0,,,,7
Arbutus menziesii,15,1,0.037001046892397,1,12.5,24.257,0.207920792079208,0,8
Picea engelmannii,15,1,0,0,0,,,,9
Lithocarpus densiflorus,15,1,0,0,0,,,,10
other,15,1,0,0,0,,,,11
Pseudotsuga menziesii,15,2,0.265241097008376,2,0,40.513,0.143706700849124,0,1
Pinus contorta,15,2,0,0,0,,,,2
Abies concolor,15,2,0.150407247789208,1,0,42.545,0.11367169910489,0,3
Pinus ponderosa,15,2,0.422245676175434,1,0,62.8226666666667,0.108236330981049,0,4
Abies grandis,15,2,0,0,0,,,,5
Alnus rubra,15,2,0,0,0,,,,6
Tsuga mertensiana,15,2,0,0,0,,,,7
Arbutus menziesii,15,2,0.0774717732479142,1.25,4.16666666666667,28.6173333333333,0.240821480034861,0,8
Picea engelmannii,15,2,0,0,0,,,,9
Lithocarpus densiflorus,15,2,0,0,0,,,,10
other,15,2,0,0,0,,,,11
Pseudotsuga menziesii,16,1,0.435010904342597,4.75,8.33333333333333,42.9683333333333,0.0951460411120738,0,1
Pinus contorta,16,1,0,0,0,,,,2
Abies concolor,16,1,0,0,0,,,,3
Pinus ponderosa,16,1,0.210034050392006,0.75,4.16666666666667,42.545,0.0492879394748553,0,4
Abies grandis,16,1,0,0,0,,,,5
Alnus rubra,16,1,0,0,0,,,,6
Tsuga mertensiana,16,1,0,0,0,,,,7
Arbutus menziesii,16,1,0.037115056075194,1.25,0,18.9371111111111,0.0672236454953418,0.266666666666667,8
Picea engelmannii,16,1,0,0,0,,,,9
Lithocarpus densiflorus,16,1,0,0,0,,,,10
other,16,1,0.206176739707376,1,0,47.4556666666667,0.0850698723583449,0,11
Pseudotsuga menziesii,16,2,0.365291755524875,5,8.33333333333333,32.4118111111111,0.0539825038398495,0.25,1
Pinus contorta,16,2,0,0,0,,,,2
Abies concolor,16,2,0,0,0,,,,3
Pinus ponderosa,16,2,0.202675391026813,0.5,0,58.166,0.104675539954171,0,4
Abies grandis,16,2,0,0,0,,,,5
Alnus rubra,16,2,0,0,0,,,,6
Tsuga mertensiana,16,2,0,0,0,,,,7
Arbutus menziesii,16,2,0.0384185610651723,1.25,4.16666666666667,20.28825,0.0374728384488945,0.333333333333333,8
Picea engelmannii,16,2,0,0,0,,,,9
Lithocarpus densiflorus,16,2,0,0,0,,,,10
other,16,2,0.16459379043524,1,4.16666666666667,35.814,0.052167764268828,0.166666666666667,11
Pseudotsuga menziesii,17,1,1.19678986134298,6.25,12.5,42.2677166666667,0.116296928827231,0,1
Pinus contorta,17,1,0,0,0,,,,2
Abies concolor,17,1,0.109279068479562,1,0,28.2363333333333,0.164527415170091,0.5,3
Pinus ponderosa,17,1,0,0,0,,,,4
Abies grandis,17,1,0,0,0,,,,5
Alnus rubra,17,1,0,0,0,,,,6
Tsuga mertensiana,17,1,0,0,0,,,,7
Arbutus menziesii,17,1,0,0,0,,,,8
Picea engelmannii,17,1,0,0,0,,,,9
Lithocarpus densiflorus,17,1,0,0,0,,,,10
other,17,1,0.171187321506997,1.25,0,32.3596,0.070555214839064,0.15,11
Pseudotsuga menziesii,17,2,0.524185086820268,1.25,0,65.9341666666667,0.0937819455608082,0,1
Pinus contorta,17,2,0,0,0,,,,2
Abies concolor,17,2,0.088288711157948,0.25,0,67.056,0.1,0,3
Pinus ponderosa,17,2,0,0,0,,,,4
Abies grandis,17,2,0,0,0,,,,5
Alnus rubra,17,2,0,0,0,,,,6
Tsuga mertensiana,17,2,0,0,0,,,,7
Arbutus menziesii,17,2,0,0,0,,,,8
Picea engelmannii,17,2,0,0,0,,,,9
Lithocarpus densiflorus,17,2,0,0,0,,,,10
other,17,2,0.166327996782451,0.5,0,56.007,0.0368127381600435,0,11
Pseudotsuga menziesii,18,1,1.37372071212555,5.25,20.8333333333333,55.0272857142857,0.0752330936008428,0.03125,1
Pinus contorta,18,1,0,0,0,,,,2
Abies concolor,18,1,0,0,0,,,,3
Pinus ponderosa,18,1,0,0,0,,,,4
Abies grandis,18,1,0,0,0,,,,5
Alnus rubra,18,1,0,0,0,,,,6
Tsuga mertensiana,18,1,0,0,0,,,,7
Arbutus menziesii,18,1,0.217031680678343,5.5,8.33333333333333,26.3498541666667,0.0236481725700459,0,8
Picea engelmannii,18,1,0,0,0,,,,9
Lithocarpus densiflorus,18,1,0,0,0,,,,10
other,18,1,0,0,0,,,,11
Pseudotsuga menziesii,18,2,1.37563099932175,5,4.16666666666667,59.0368571428571,0.0346318268750586,0.160714285714286,1
Pinus contorta,18,2,0,0,0,,,,2
Abies concolor,18,2,0,0,0,,,,3
Pinus ponderosa,18,2,0,0,0,,,,4
Abies grandis,18,2,0,0,0,,,,5
Alnus rubra,18,2,0,0,0,,,,6
Tsuga mertensiana,18,2,0,0,0,,,,7
Arbutus menziesii,18,2,0.190622086867781,5.25,4.16666666666667,25.034875,-0.00945540143583852,0.125,8
Picea engelmannii,18,2,0,0,0,,,,9
Lithocarpus densiflorus,18,2,0,0,0,,,,10
other,18,2,0,0,0,,,,11
Pseudotsuga menziesii,19,1,0.166581350522,2.25,20.8333333333333,28.273375,0.460427534372398,0,1
Pinus contorta,19,1,0,0,0,,,,2
Abies concolor,19,1,0,0,0,,,,3
Pinus ponderosa,19,1,0.193569857627431,1.75,20.8333333333333,27.2838333333333,0.277142527142527,0,4
Abies grandis,19,1,0,0,0,,,,5
Alnus rubra,19,1,0,0,0,,,,6
Tsuga mertensiana,19,1,0,0,0,,,,7
Arbutus menziesii,19,1,0.00872676955875665,0.25,0,21.082,0.238805970149254,0,8
Picea engelmannii,19,1,0,0,0,,,,9
Lithocarpus densiflorus,19,1,0,0,0,,,,10
other,19,1,0.0304493191876664,1,4.16666666666667,19.4945,0.296455627705628,0,11
Pseudotsuga menziesii,19,2,0.284565653492457,3.25,12.5,31.1827333333333,0.332825601535517,0,1
Pinus contorta,19,2,0,0,0,,,,2
Abies concolor,19,2,0.00411573149896943,0.25,4.16666666666667,14.478,,,3
Pinus ponderosa,19,2,0.243249992415545,2.25,12.5,32.5345777777778,0.313954469720989,0.25,4
Abies grandis,19,2,0,0,0,,,,5
Alnus rubra,19,2,0,0,0,,,,6
Tsuga mertensiana,19,2,0,0,0,,,,7
Arbutus menziesii,19,2,0.00915240384119855,0.25,0,21.59,0.0240963855421685,0,8
Picea engelmannii,19,2,0,0,0,,,,9
Lithocarpus densiflorus,19,2,0,0,0,,,,10
other,19,2,0.0480143339505811,1.75,12.5,17.574380952381,0.129439339088462,0,11
Pseudotsuga menziesii,20,1,0.525671006502722,4.25,0,38.7818690476191,0.169542335036874,0.0555555555555556,1
Pinus contorta,20,1,0,0,0,,,,2
Abies concolor,20,1,0,0,0,,,,3
Pinus ponderosa,20,1,0,0,0,,,,4
Abies grandis,20,1,0,0,0,,,,5
Alnus rubra,20,1,0,0,0,,,,6
Tsuga mertensiana,20,1,0,0,0,,,,7
Arbutus menziesii,20,1,0,0,0,,,,8
Picea engelmannii,20,1,0,0,0,,,,9
Lithocarpus densiflorus,20,1,0,0,0,,,,10
other,20,1,0.227291240361369,3.75,16.6666666666667,24.1101638095239,0.147800200535122,0,11
Pseudotsuga menziesii,20,2,0.630301033861564,3.75,0,45.1590833333333,0.120731433823501,0.0773809523809524,1
Pinus contorta,20,2,0,0,0,,,,2
Abies concolor,20,2,0,0,0,,,,3
Pinus ponderosa,20,2,0,0,0,,,,4
Abies grandis,20,2,0,0,0,,,,5
Alnus rubra,20,2,0,0,0,,,,6
Tsuga mertensiana,20,2,0,0,0,,,,7
Arbutus menziesii,20,2,0,0,0,,,,8
Picea engelmannii,20,2,0,0,0,,,,9
Lithocarpus densiflorus,20,2,0,0,0,,,,10
other,20,2,0.233018301643868,3.25,0,26.9156263736264,0.0639817326424078,0.0615384615384616,11
Pseudotsuga menziesii,21,1,0.806011986388203,7,4.16666666666667,32.8335569444445,0.225026568976398,0,1
Pinus contorta,21,1,0,0,0,,,,2
Abies concolor,21,1,0,0,0,,,,3
Pinus ponderosa,21,1,0,0,0,,,,4
Abies grandis,21,1,0,0,0,,,,5
Alnus rubra,21,1,0,0,0,,,,6
Tsuga mertensiana,21,1,0,0,0,,,,7
Arbutus menziesii,21,1,0.0244144331116152,0.75,0,20.2353333333333,0.281630937368642,0,8
Picea engelmannii,21,1,0,0,0,,,,9
Lithocarpus densiflorus,21,1,0,0,0,,,,10
other,21,1,0.0535488463910236,0.5,0,36.576,0.20461215932914,0,11
Pseudotsuga menziesii,21,2,0.957864617261537,7.25,0,36.4527041666667,0.134520114571479,0,1
Pinus contorta,21,2,0,0,0,,,,2
Abies concolor,21,2,0,0,0,,,,3
Pinus ponderosa,21,2,0,0,0,,,,4
Abies grandis,21,2,0,0,0,,,,5
Alnus rubra,21,2,0,0,0,,,,6
Tsuga mertensiana,21,2,0,0,0,,,,7
Arbutus menziesii,21,2,0.0312929871403637,1,4.16666666666667,18.4996666666667,0.0380917874396135,0,8
Picea engelmannii,21,2,0,0,0,,,,9
Lithocarpus densiflorus,21,2,0,0,0,,,,10
other,21,2,0.0569792560245136,0.5,0,37.846,0.0383556254917388,0,11
Pseudotsuga menziesii,22,1,0,0,0,,,,1
Pinus contorta,22,1,0,0,0,,,,2
Abies concolor,22,1,1.07546762285397,12,0,30.8436085137085,0.146286099759061,0.109140037593985,3
Pinus ponderosa,22,1,0.334858904330279,0.75,0,78.994,0.0258548091091101,0,4
Abies grandis,22,1,0,0,0,,,,5
Alnus rubra,22,1,0,0,0,,,,6
Tsuga mertensiana,22,1,0,0,0,,,,7
Arbutus menziesii,22,1,0,0,0,,,,8
Picea engelmannii,22,1,0,0,0,,,,9
Lithocarpus densiflorus,22,1,0,0,0,,,,10
other,22,1,0,0,0,,,,11
Pseudotsuga menziesii,22,2,0,0,0,,,,1
Pinus contorta,22,2,0,0,0,,,,2
Abies concolor,22,2,1.36341048169461,12.5,20.8333333333333,34.8085267379679,0.122603393663028,0.0366161616161616,3
Pinus ponderosa,22,2,0.344709297723935,0.75,0,80.2005,0.0143968705986647,0,4
Abies grandis,22,2,0,0,0,,,,5
Alnus rubra,22,2,0,0,0,,,,6
Tsuga mertensiana,22,2,0,0,0,,,,7
Arbutus menziesii,22,2,0,0,0,,,,8
Picea engelmannii,22,2,0,0,0,,,,9
Lithocarpus densiflorus,22,2,0,0,0,,,,10
other,22,2,0,0,0,,,,11
Pseudotsuga menziesii,23,1,0,0,0,,,,1
Pinus contorta,23,1,0,0,0,,,,2
Abies concolor,23,1,1.11885825105779,13.5,16.6666666666667,29.1280547619048,0.0863722097641771,0.0366161616161616,3
Pinus ponderosa,23,1,0.736864150253163,2.25,0,55.8905833333333,0.0173710700621289,0.05,4
Abies grandis,23,1,0,0,0,,,,5
Alnus rubra,23,1,0,0,0,,,,6
Tsuga mertensiana,23,1,0,0,0,,,,7
Arbutus menziesii,23,1,0,0,0,,,,8
Picea engelmannii,23,1,0,0,0,,,,9
Lithocarpus densiflorus,23,1,0,0,0,,,,10
other,23,1,0,0,0,,,,11
Pseudotsuga menziesii,23,2,0,0,0,,,,1
Pinus contorta,23,2,0,0,0,,,,2
Abies concolor,23,2,0.950329877047357,11,8.33333333333333,30.3570821428571,0.073445093588476,0.216666666666667,3
Pinus ponderosa,23,2,0.579022236976897,2.75,8.33333333333333,45.085,0.0255002233485845,0.0833333333333333,4
Abies grandis,23,2,0,0,0,,,,5
Alnus rubra,23,2,0,0,0,,,,6
Tsuga mertensiana,23,2,0,0,0,,,,7
Arbutus menziesii,23,2,0,0,0,,,,8
Picea engelmannii,23,2,0,0,0,,,,9
Lithocarpus densiflorus,23,2,0,0,0,,,,10
other,23,2,0,0,0,,,,11
Pseudotsuga menziesii,24,1,0,0,0,,,,1
Pinus contorta,24,1,0.160507194616319,3.75,4.16666666666667,21.4545333333333,0.137871239751346,0.197916666666667,2
Abies concolor,24,1,0,0,0,,,,3
Pinus ponderosa,24,1,0.0189635274052239,0.75,4.16666666666667,16.51,0.218780135004822,0,4
Abies grandis,24,1,0,0,0,,,,5
Alnus rubra,24,1,0,0,0,,,,6
Tsuga mertensiana,24,1,0,0,0,,,,7
Arbutus menziesii,24,1,0,0,0,,,,8
Picea engelmannii,24,1,0,0,0,,,,9
Lithocarpus densiflorus,24,1,0,0,0,,,,10
other,24,1,0,0,0,,,,11
Pseudotsuga menziesii,24,2,0,0,0,,,,1
Pinus contorta,24,2,0.230926866523894,6.25,37.5,20.0540055555556,0.155862770699636,0,2
Abies concolor,24,2,0,0,0,,,,3
Pinus ponderosa,24,2,0.0359800313220156,1,4.16666666666667,20.0236666666667,0.365300172073163,0,4
Abies grandis,24,2,0,0,0,,,,5
Alnus rubra,24,2,0,0,0,,,,6
Tsuga mertensiana,24,2,0,0,0,,,,7
Arbutus menziesii,24,2,0,0,0,,,,8
Picea engelmannii,24,2,0,0,0,,,,9
Lithocarpus densiflorus,24,2,0,0,0,,,,10
other,24,2,0,0,0,,,,11
Pseudotsuga menziesii,25,1,0,0,0,,,,1
Pinus contorta,25,1,0.132189847146955,2.5,0,23.8177916666667,0.059005552997869,0.05,2
Abies concolor,25,1,0,0,0,,,,3
Pinus ponderosa,25,1,0,0,0,,,,4
Abies grandis,25,1,0,0,0,,,,5
Alnus rubra,25,1,0,0,0,,,,6
Tsuga mertensiana,25,1,0.325802774910109,4.25,4.16666666666667,28.73375,0.0405810415956411,0.0416666666666667,7
Arbutus menziesii,25,1,0,0,0,,,,8
Picea engelmannii,25,1,0,0,0,,,,9
Lithocarpus densiflorus,25,1,0,0,0,,,,10
other,25,1,0.537501359370951,3,8.33333333333333,37.7331111111111,0.0961510396056244,0.104166666666667,11
Pseudotsuga menziesii,25,2,0,0,0,,,,1
Pinus contorta,25,2,0.133177926731195,2.25,0,25.288875,0.0282873314937458,0.0833333333333333,2
Abies concolor,25,2,0,0,0,,,,3
Pinus ponderosa,25,2,0,0,0,,,,4
Abies grandis,25,2,0,0,0,,,,5
Alnus rubra,25,2,0,0,0,,,,6
Tsuga mertensiana,25,2,0.176269597522344,2.5,0,26.2607777777778,0.0699001401478056,0.395833333333333,7
Arbutus menziesii,25,2,0,0,0,,,,8
Picea engelmannii,25,2,0,0,0,,,,9
Lithocarpus densiflorus,25,2,0,0,0,,,,10
other,25,2,0.586529108279727,3,0,40.0931944444444,0.0898040766485121,0,11
Pseudotsuga menziesii,26,1,0,0,0,,,,1
Pinus contorta,26,1,0.274526511562838,9.75,95.8333333333333,17.5804285714286,0.153891751946757,0.0256410256410256,2
Abies concolor,26,1,0,0,0,,,,3
Pinus ponderosa,26,1,0,0,0,,,,4
Abies grandis,26,1,0,0,0,,,,5
Alnus rubra,26,1,0,0,0,,,,6
Tsuga mertensiana,26,1,0,0,0,,,,7
Arbutus menziesii,26,1,0,0,0,,,,8
Picea engelmannii,26,1,0,0,0,,,,9
Lithocarpus densiflorus,26,1,0,0,0,,,,10
other,26,1,0,0,0,,,,11
Pseudotsuga menziesii,26,2,0,0,0,,,,1
Pinus contorta,26,2,0.398432958195247,12.5,45.8333333333333,19.3188388694639,0.192641379926589,0.0476190476190476,2
Abies concolor,26,2,0,0,0,,,,3
Pinus ponderosa,26,2,0,0,0,,,,4
Abies grandis,26,2,0,0,0,,,,5
Alnus rubra,26,2,0,0,0,,,,6
Tsuga mertensiana,26,2,0,0,0,,,,7
Arbutus menziesii,26,2,0,0,0,,,,8
Picea engelmannii,26,2,0,0,0,,,,9
Lithocarpus densiflorus,26,2,0,0,0,,,,10
other,26,2,0,0,0,,,,11
Pseudotsuga menziesii,27,1,0.814176310645162,2.25,12.5,67.7799,0.0535008703552592,0,1
Pinus contorta,27,1,0.0234301538334683,0.25,0,34.544,0.00740740740740731,0,2
Abies concolor,27,1,0,0,0,,,,3
Pinus ponderosa,27,1,0,0,0,,,,4
Abies grandis,27,1,0,0,0,,,,5
Alnus rubra,27,1,0,0,0,,,,6
Tsuga mertensiana,27,1,0.327381168707498,5,16.6666666666667,25.8854222222222,0.120552717637374,0,7
Arbutus menziesii,27,1,0,0,0,,,,8
Picea engelmannii,27,1,0,0,0,,,,9
Lithocarpus densiflorus,27,1,0,0,0,,,,10
other,27,1,0.11077892261769,0.75,4.16666666666667,34.8826666666667,0.142383242014238,0,11
Pseudotsuga menziesii,27,2,0.997278858523136,2.5,4.16666666666667,70.3453,0.0353641741439402,0,1
Pinus contorta,27,2,0.0234301538334683,0.25,0,34.544,0,0,2
Abies concolor,27,2,0,0,0,,,,3
Pinus ponderosa,27,2,0,0,0,,,,4
Abies grandis,27,2,0,0,0,,,,5
Alnus rubra,27,2,0,0,0,,,,6
Tsuga mertensiana,27,2,0.367982372238883,5.25,4.16666666666667,27.5759333333333,0.0937346700646541,0,7
Arbutus menziesii,27,2,0,0,0,,,,8
Picea engelmannii,27,2,0,0,0,,,,9
Lithocarpus densiflorus,27,2,0,0,0,,,,10
other,27,2,0.120911805430943,0.75,0,36.9993333333333,0.0834754967188692,0,11
Pseudotsuga menziesii,28,1,0.750883479431093,4,0,48.2843416666667,0.174282195196925,0.05,1
Pinus contorta,28,1,0,0,0,,,,2
Abies concolor,28,1,0,0,0,,,,3
Pinus ponderosa,28,1,0,0,0,,,,4
Abies grandis,28,1,0,0,0,,,,5
Alnus rubra,28,1,0.131845286061169,2.25,0,29.07665,0.239715148292722,0,6
Tsuga mertensiana,28,1,0,0,0,,,,7
Arbutus menziesii,28,1,0,0,0,,,,8
Picea engelmannii,28,1,0,0,0,,,,9
Lithocarpus densiflorus,28,1,0,0,0,,,,10
other,28,1,0,0,0,,,,11
Pseudotsuga menziesii,28,2,0.913314895699285,4,0,52.9844,0.0936434375083216,0,1
Pinus contorta,28,2,0,0,0,,,,2
Abies concolor,28,2,0,0,0,,,,3
Pinus ponderosa,28,2,0,0,0,,,,4
Abies grandis,28,2,0,0,0,,,,5
Alnus rubra,28,2,0.139538372362567,2,0,31.0515,0.0506336784327935,0,6
Tsuga mertensiana,28,2,0,0,0,,,,7
Arbutus menziesii,28,2,0,0,0,,,,8
Picea engelmannii,28,2,0,0,0,,,,9
Lithocarpus densiflorus,28,2,0,0,0,,,,10
other,28,2,0,0,0,,,,11
Pseudotsuga menziesii,29,1,0.0219264993892465,0.75,12.5,18.542,,,1
Pinus contorta,29,1,0,0,0,,,,2
Abies concolor,29,1,0,0,0,,,,3
Pinus ponderosa,29,1,0,0,0,,,,4
Abies grandis,29,1,0,0,0,,,,5
Alnus rubra,29,1,0.422101264543891,8,45.8333333333333,26.5810518939394,0.0859161502455203,0.0416666666666667,6
Tsuga mertensiana,29,1,0,0,0,,,,7
Arbutus menziesii,29,1,0,0,0,,,,8
Picea engelmannii,29,1,0,0,0,,,,9
Lithocarpus densiflorus,29,1,0,0,0,,,,10
other,29,1,0.111240026423669,2,16.6666666666667,24.765,0.218452038220902,0,11
Pseudotsuga menziesii,29,2,0.0380321966123604,1.25,16.6666666666667,17.7292,0.343137254901961,0,1
Pinus contorta,29,2,0,0,0,,,,2
Abies concolor,29,2,0,0,0,,,,3
Pinus ponderosa,29,2,0,0,0,,,,4
Abies grandis,29,2,0,0,0,,,,5
Alnus rubra,29,2,0.48573612330635,8.75,16.6666666666667,28.2389791666667,0.091999056978041,0.0666666666666667,6
Tsuga mertensiana,29,2,0,0,0,,,,7
Arbutus menziesii,29,2,0,0,0,,,,8
Picea engelmannii,29,2,0,0,0,,,,9
Lithocarpus densiflorus,29,2,0,0,0,,,,10
other,29,2,0.167665704527269,2,0,30.70225,0.256844386827478,0,11
Pseudotsuga menziesii,30,1,3.27951214621483,5.25,4.16666666666667,95.2193083333333,0.0786012085102959,0.0357142857142857,1
Pinus contorta,30,1,0,0,0,,,,2
Abies concolor,30,1,0,0,0,,,,3
Pinus ponderosa,30,1,0,0,0,,,,4
Abies grandis,30,1,0,0,0,,,,5
Alnus rubra,30,1,0,0,0,,,,6
Tsuga mertensiana,30,1,0,0,0,,,,7
Arbutus menziesii,30,1,0,0,0,,,,8
Picea engelmannii,30,1,0,0,0,,,,9
Lithocarpus densiflorus,30,1,0,0,0,,,,10
other,30,1,0.038825193817148,0.75,8.33333333333333,22.0345,0.327433628318584,0,11
Pseudotsuga menziesii,30,2,3.90240511673198,5.5,8.33333333333333,95.2585674603175,0.0647448633260281,0,1
Pinus contorta,30,2,0,0,0,,,,2
Abies concolor,30,2,0,0,0,,,,3
Pinus ponderosa,30,2,0,0,0,,,,4
Abies grandis,30,2,0,0,0,,,,5
Alnus rubra,30,2,0,0,0,,,,6
Tsuga mertensiana,30,2,0,0,0,,,,7
Arbutus menziesii,30,2,0,0,0,,,,8
Picea engelmannii,30,2,0,0,0,,,,9
Lithocarpus densiflorus,30,2,0,0,0,,,,10
other,30,2,0.0644835937899476,1.25,4.16666666666667,24.22525,0.292568922305764,0,11
Pseudotsuga menziesii,31,1,0.250521244740594,5.5,45.8333333333333,22.1845909090909,0.671939188856375,0.0714285714285715,1
Pinus contorta,31,1,0,0,0,,,,2
Abies concolor,31,1,0,0,0,,,,3
Pinus ponderosa,31,1,0,0,0,,,,4
Abies grandis,31,1,0,0,0,,,,5
Alnus rubra,31,1,0.209842768318647,6.25,25,20.6645808823529,0.399064699701302,0,6
Tsuga mertensiana,31,1,0,0,0,,,,7
Arbutus menziesii,31,1,0,0,0,,,,8
Picea engelmannii,31,1,0,0,0,,,,9
Lithocarpus densiflorus,31,1,0,0,0,,,,10
other,31,1,0.0170456395968398,0.25,0,29.464,0.546666666666667,0,11
Pseudotsuga menziesii,31,2,0.373521951754116,5.25,0,27.7878474025974,0.266446919077723,0.0227272727272727,1
Pinus contorta,31,2,0,0,0,,,,2
Abies concolor,31,2,0,0,0,,,,3
Pinus ponderosa,31,2,0,0,0,,,,4
Abies grandis,31,2,0,0,0,,,,5
Alnus rubra,31,2,0.232449522498582,4.5,0,25.5715324675325,0.181041348667551,0.0625,6
Tsuga mertensiana,31,2,0,0,0,,,,7
Arbutus menziesii,31,2,0,0,0,,,,8
Picea engelmannii,31,2,0,0,0,,,,9
Lithocarpus densiflorus,31,2,0,0,0,,,,10
other,31,2,0.0266338118700622,0.25,0,36.83,0.25,0,11
Pseudotsuga menziesii,32,1,0.324693085530886,3.5,0,36.7876666666667,0.108352738700121,0.0303030303030303,1
Pinus contorta,32,1,0.00872676955875665,0.25,0,21.082,0.169014084507042,0.5,2
Abies concolor,32,1,0,0,0,,,,3
Pinus ponderosa,32,1,0.28672549412211,1.25,0,53.213,0.0894187314944678,0,4
Abies grandis,32,1,0.0145944421667057,0.5,0,18.923,0.186666666666667,,5
Alnus rubra,32,1,0,0,0,,,,6
Tsuga mertensiana,32,1,0,0,0,,,,7
Arbutus menziesii,32,1,0,0,0,,,,8
Picea engelmannii,32,1,0,0,0,,,,9
Lithocarpus densiflorus,32,1,0,0,0,,,,10
other,32,1,0,0,0,,,,11
Pseudotsuga menziesii,32,2,0.457375705701263,3.75,4.16666666666667,42.0454666666667,0.0951322149147871,0,1
Pinus contorta,32,2,0.0102608264517243,0.25,0,22.86,0.0843373493975903,0,2
Abies concolor,32,2,0,0,0,,,,3
Pinus ponderosa,32,2,0.325350538485015,1.5,4.16666666666667,53.4881666666667,0.0729032459504593,0,4
Abies grandis,32,2,0.239494023226735,1.5,16.6666666666667,46.0375,0.212359550561798,0,5
Alnus rubra,32,2,0,0,0,,,,6
Tsuga mertensiana,32,2,0,0,0,,,,7
Arbutus menziesii,32,2,0,0,0,,,,8
Picea engelmannii,32,2,0,0,0,,,,9
Lithocarpus densiflorus,32,2,0,0,0,,,,10
other,32,2,0,0,0,,,,11
Pseudotsuga menziesii,33,1,0,0,0,,,,1
Pinus contorta,33,1,0.0160436255569245,0.5,0,20.193,0.127113526570048,0,2
Abies concolor,33,1,0,0,0,,,,3
Pinus ponderosa,33,1,0,0,0,,,,4
Abies grandis,33,1,0,0,0,,,,5
Alnus rubra,33,1,0,0,0,,,,6
Tsuga mertensiana,33,1,0,0,0,,,,7
Arbutus menziesii,33,1,0,0,0,,,,8
Picea engelmannii,33,1,0.939316589989173,6.5,37.5,34.5330318181818,0.202292123888691,0.0833333333333333,9
Lithocarpus densiflorus,33,1,0,0,0,,,,10
other,33,1,0.0668967881591494,2,4.16666666666667,20.1506666666667,0.207194754142309,0,11
Pseudotsuga menziesii,33,2,0,0,0,,,,1
Pinus contorta,33,2,0.0174421381992336,0.75,8.33333333333333,16.51,0.108433734939759,0.5,2
Abies concolor,33,2,0,0,0,,,,3
Pinus ponderosa,33,2,0,0,0,,,,4
Abies grandis,33,2,0,0,0,,,,5
Alnus rubra,33,2,0,0,0,,,,6
Tsuga mertensiana,33,2,0,0,0,,,,7
Arbutus menziesii,33,2,0,0,0,,,,8
Picea engelmannii,33,2,1.3434297390251,8.25,29.1666666666667,36.7557792207792,0.108173772237824,0,9
Lithocarpus densiflorus,33,2,0,0,0,,,,10
other,33,2,0.102704538938272,3.25,16.6666666666667,19.1664166666667,0.137126555985021,0,11
Pseudotsuga menziesii,34,1,0,0,0,,,,1
Pinus contorta,34,1,0.143774446887822,6.75,54.1666666666667,16.5598928571429,0.280572727367588,0,2
Abies concolor,34,1,0,0,0,,,,3
Pinus ponderosa,34,1,0,0,0,,,,4
Abies grandis,34,1,0,0,0,,,,5
Alnus rubra,34,1,0,0,0,,,,6
Tsuga mertensiana,34,1,0,0,0,,,,7
Arbutus menziesii,34,1,0,0,0,,,,8
Picea engelmannii,34,1,0,0,0,,,,9
Lithocarpus densiflorus,34,1,0,0,0,,,,10
other,34,1,0.11173913329058,1.25,0,29.7462222222222,0.234897896088714,0,11
Pseudotsuga menziesii,34,2,0,0,0,,,,1
Pinus contorta,34,2,0.231932680869902,9.25,33.3333333333333,17.8456267942584,0.158211466293791,0,2
Abies concolor,34,2,0,0,0,,,,3
Pinus ponderosa,34,2,0,0,0,,,,4
Abies grandis,34,2,0,0,0,,,,5
Alnus rubra,34,2,0,0,0,,,,6
Tsuga mertensiana,34,2,0,0,0,,,,7
Arbutus menziesii,34,2,0,0,0,,,,8
Picea engelmannii,34,2,0,0,0,,,,9
Lithocarpus densiflorus,34,2,0,0,0,,,,10
other,34,2,0.135137617906605,1.25,0,34.0642222222222,0.157716109334779,0,11
Pseudotsuga menziesii,35,1,0.128418676733772,1.25,4.16666666666667,38.9184444444444,0.222200111856183,0.0555555555555555,1
Pinus contorta,35,1,0,0,0,,,,2
Abies concolor,35,1,0,0,0,,,,3
Pinus ponderosa,35,1,0,0,0,,,,4
Abies grandis,35,1,0.135406172870527,0.75,0,42.2486666666667,0.280485605393368,0,5
Alnus rubra,35,1,0,0,0,,,,6
Tsuga mertensiana,35,1,0,0,0,,,,7
Arbutus menziesii,35,1,0,0,0,,,,8
Picea engelmannii,35,1,0,0,0,,,,9
Lithocarpus densiflorus,35,1,0,0,0,,,,10
other,35,1,0.0230868595163797,0.25,4.16666666666667,34.29,,,11
Pseudotsuga menziesii,35,2,0.144158277803238,1.75,12.5,27.2838333333333,0.127485380116959,0.222222222222222,1
Pinus contorta,35,2,0,0,0,,,,2
Abies concolor,35,2,0,0,0,,,,3
Pinus ponderosa,35,2,0.0785409260288099,0.25,4.16666666666667,63.246,,,4
Abies grandis,35,2,0.182955602709036,1.5,8.33333333333333,41.6701111111111,0.228714446275769,0,5
Alnus rubra,35,2,0,0,0,,,,6
Tsuga mertensiana,35,2,0,0,0,,,,7
Arbutus menziesii,35,2,0,0,0,,,,8
Picea engelmannii,35,2,0,0,0,,,,9
Lithocarpus densiflorus,35,2,0,0,0,,,,10
other,35,2,0.0273736047895446,0.25,0,37.338,0.088888888888889,0,11
Pseudotsuga menziesii,36,1,0.753723574851435,2,4.16666666666667,67.3840833333333,0.111897652608696,0,1
Pinus contorta,36,1,0,0,0,,,,2
Abies concolor,36,1,0,0,0,,,,3
Pinus ponderosa,36,1,0.392385404432218,0.75,0,80.8566666666667,0.0317540435650672,0.125,4
Abies grandis,36,1,0,0,0,,,,5
Alnus rubra,36,1,0,0,0,,,,6
Tsuga mertensiana,36,1,0,0,0,,,,7
Arbutus menziesii,36,1,0,0,0,,,,8
Picea engelmannii,36,1,0,0,0,,,,9
Lithocarpus densiflorus,36,1,0,0,0,,,,10
other,36,1,0,0,0,,,,11
Pseudotsuga menziesii,36,2,0.99601335659409,2.5,8.33333333333333,67.8074166666667,0.101753031020028,0,1
Pinus contorta,36,2,0,0,0,,,,2
Abies concolor,36,2,0,0,0,,,,3
Pinus ponderosa,36,2,0.419747608303483,0.75,0,83.7353333333333,0.0371049556038811,0,4
Abies grandis,36,2,0,0,0,,,,5
Alnus rubra,36,2,0,0,0,,,,6
Tsuga mertensiana,36,2,0,0,0,,,,7
Arbutus menziesii,36,2,0,0,0,,,,8
Picea engelmannii,36,2,0,0,0,,,,9
Lithocarpus densiflorus,36,2,0,0,0,,,,10
other,36,2,0,0,0,,,,11
Pseudotsuga menziesii,37,1,0.888654709460307,5.5,0,42.4143714285714,0.106106936880393,0.138888888888889,1
Pinus contorta,37,1,0,0,0,,,,2
Abies concolor,37,1,0,0,0,,,,3
Pinus ponderosa,37,1,0,0,0,,,,4
Abies grandis,37,1,0,0,0,,,,5
Alnus rubra,37,1,0.0119190266770709,0.25,0,24.638,0,0,6
Tsuga mertensiana,37,1,0,0,0,,,,7
Arbutus menziesii,37,1,0,0,0,,,,8
Picea engelmannii,37,1,0,0,0,,,,9
Lithocarpus densiflorus,37,1,0,0,0,,,,10
other,37,1,0.0100340748548282,0.25,0,22.606,0.0853658536585367,0,11
Pseudotsuga menziesii,37,2,0.813043819429379,3.5,0,53.6998333333333,0.0638839101030246,0.175,1
Pinus contorta,37,2,0,0,0,,,,2
Abies concolor,37,2,0,0,0,,,,3
Pinus ponderosa,37,2,0,0,0,,,,4
Abies grandis,37,2,0,0,0,,,,5
Alnus rubra,37,2,0,0,0,,,,6
Tsuga mertensiana,37,2,0,0,0,,,,7
Arbutus menziesii,37,2,0,0,0,,,,8
Picea engelmannii,37,2,0,0,0,,,,9
Lithocarpus densiflorus,37,2,0,0,0,,,,10
other,37,2,0.0119190266770709,0.25,0,24.638,0.0898876404494382,0,11
Pseudotsuga menziesii,38,1,0.804728749697389,16.75,16.6666666666667,24.2606983276442,0.219282497686363,0.0263157894736842,1
Pinus contorta,38,1,0,0,0,,,,2
Abies concolor,38,1,0,0,0,,,,3
Pinus ponderosa,38,1,0,0,0,,,,4
Abies grandis,38,1,0,0,0,,,,5
Alnus rubra,38,1,0.0211740387827867,1,12.5,17.0603333333333,0.0454545454545454,0,6
Tsuga mertensiana,38,1,0,0,0,,,,7
Arbutus menziesii,38,1,0,0,0,,,,8
Picea engelmannii,38,1,0,0,0,,,,9
Lithocarpus densiflorus,38,1,0,0,0,,,,10
other,38,1,0.0319656413188656,1,0,19.939,0.164699295545067,0,11
Pseudotsuga menziesii,38,2,0.93236202983856,13.75,0,28.8104791666667,0.109674030355443,0.128879892037787,1
Pinus contorta,38,2,0,0,0,,,,2
Abies concolor,38,2,0,0,0,,,,3
Pinus ponderosa,38,2,0,0,0,,,,4
Abies grandis,38,2,0,0,0,,,,5
Alnus rubra,38,2,0.0119684306562829,0.5,0,17.272,0.061519302615193,0,6
Tsuga mertensiana,38,2,0,0,0,,,,7
Arbutus menziesii,38,2,0,0,0,,,,8
Picea engelmannii,38,2,0,0,0,,,,9
Lithocarpus densiflorus,38,2,0,0,0,,,,10
other,38,2,0.0216490770444406,0.5,0,23.368,0.0489130434782609,0.25,11
Pseudotsuga menziesii,39,1,5.51604295282932,5.5,4.16666666666667,105.175579166667,0.0727542643143658,0,1
Pinus contorta,39,1,0,0,0,,,,2
Abies concolor,39,1,0,0,0,,,,3
Pinus ponderosa,39,1,0,0,0,,,,4
Abies grandis,39,1,0,0,0,,,,5
Alnus rubra,39,1,0.197107942600229,1.5,0,37.465,0.112246140668139,0,6
Tsuga mertensiana,39,1,0,0,0,,,,7
Arbutus menziesii,39,1,0,0,0,,,,8
Picea engelmannii,39,1,0,0,0,,,,9
Lithocarpus densiflorus,39,1,0,0,0,,,,10
other,39,1,0,0,0,,,,11
Pseudotsuga menziesii,39,2,1.05302934891084,0.5,0,163.576,0.0537649988194131,0,1
Pinus contorta,39,2,0,0,0,,,,2
Abies concolor,39,2,0,0,0,,,,3
Pinus ponderosa,39,2,0,0,0,,,,4
Abies grandis,39,2,0,0,0,,,,5
Alnus rubra,39,2,0.0897505622351443,0.5,0,46.482,0.0788435298889995,0,6
Tsuga mertensiana,39,2,0,0,0,,,,7
Arbutus menziesii,39,2,0,0,0,,,,8
Picea engelmannii,39,2,0,0,0,,,,9
Lithocarpus densiflorus,39,2,0,0,0,,,,10
other,39,2,0,0,0,,,,11
Pseudotsuga menziesii,40,1,5.45770445399212,6,4.16666666666667,105.602541071429,0.0561330943956484,0,1
Pinus contorta,40,1,0,0,0,,,,2
Abies concolor,40,1,0,0,0,,,,3
Pinus ponderosa,40,1,0,0,0,,,,4
Abies grandis,40,1,0,0,0,,,,5
Alnus rubra,40,1,0.34307263256645,1,0,65.0875,0.0270866222834986,0.333333333333333,6
Tsuga mertensiana,40,1,0,0,0,,,,7
Arbutus menziesii,40,1,0,0,0,,,,8
Picea engelmannii,40,1,0,0,0,,,,9
Lithocarpus densiflorus,40,1,0,0,0,,,,10
other,40,1,0,0,0,,,,11
Pseudotsuga menziesii,40,2,6.46984504287719,7,16.6666666666667,109.7391125,0.0471604588371782,0,1
Pinus contorta,40,2,0,0,0,,,,2
Abies concolor,40,2,0,0,0,,,,3
Pinus ponderosa,40,2,0,0,0,,,,4
Abies grandis,40,2,0,0,0,,,,5
Alnus rubra,40,2,0.14173748282185,0.5,0,60.071,0.0397962340022426,0.25,6
Tsuga mertensiana,40,2,0,0,0,,,,7
Arbutus menziesii,40,2,0,0,0,,,,8
Picea engelmannii,40,2,0,0,0,,,,9
Lithocarpus densiflorus,40,2,0,0,0,,,,10
other,40,2,0,0,0,,,,11
