"Ekl","Alter","N","Hg","H100","G","Dg","Dw","V","N_aus","G_aus","Dg_aus","V_aus","iV","GWL","dGZ","Art","dDg_dt","thin_N_frac","thin_G_frac","Dg_aus_rel"
-1,25,4046,8.3,12.4,11.7,6.1,11.6,58,2801,9.1,6.4,32,12.5,120,4.8,"Buche",NA,0.409084270483423,0.4375,1.04918032786885
-1,30,2561,11.9,15.7,14.1,8.4,15.9,94,1485,7.4,8,40,15.3,197,6.6,"Buche",0.46,0.367029164607019,0.344186046511628,0.952380952380952
-1,35,1761,15.1,18.8,16.4,10.9,20.1,133,800,6.4,10.1,47,17.2,283,8.1,"Buche",0.5,0.312377977352597,0.280701754385965,0.926605504587156
-1,40,1214,18.1,21.5,18.4,13.9,24.4,174,548,5.8,11.6,51,18.4,375,9.4,"Buche",0.6,0.311010215664018,0.239669421487603,0.834532374100719
-1,45,895,20.8,24,20.1,16.9,28.7,215,319,5.3,14.5,55,19.1,471,10.5,"Buche",0.6,0.262767710049423,0.208661417322835,0.857988165680473
-1,50,697,23.2,26.2,21.5,19.8,33,255,198,4.9,17.8,57,19.5,568,11.4,"Buche",0.58,0.22122905027933,0.185606060606061,0.898989898989899
-1,55,565,25.3,28.3,22.8,22.7,37.2,295,132,4.6,21,59,19.7,666,12.1,"Buche",0.58,0.189383070301291,0.167883211678832,0.92511013215859
-1,60,470,27.3,30.1,23.9,25.5,41.4,334,94,4.3,24.1,60,19.7,765,12.7,"Buche",0.56,0.166666666666667,0.152482269503546,0.945098039215686
-1,65,399,29.2,31.8,25,28.3,45.5,371,71,4,26.8,60,19.6,863,13.3,"Buche",0.56,0.151063829787234,0.137931034482759,0.946996466431095
-1,70,342,30.8,33.4,26,31.1,49.5,408,57,3.8,29.4,61,19.4,960,13.7,"Buche",0.56,0.142857142857143,0.12751677852349,0.945337620578778
-1,75,296,32.4,34.8,26.9,34,53.5,443,46,3.6,31.6,61,19.1,1055,14.1,"Buche",0.58,0.134502923976608,0.118032786885246,0.929411764705882
-1,80,257,33.8,36.1,27.7,37,57.4,477,39,3.5,33.7,60,18.8,1149,14.4,"Buche",0.6,0.131756756756757,0.112179487179487,0.910810810810811
-1,85,224,35.1,37.3,28.5,40.2,61.2,509,33,3.3,35.7,60,18.5,1242,14.6,"Buche",0.640000000000001,0.1284046692607,0.10377358490566,0.888059701492537
-1,90,196,36.3,38.5,29.3,43.6,64.9,541,28,3.2,37.8,59,18.2,1333,14.8,"Buche",0.68,0.125,0.0984615384615385,0.86697247706422
-1,95,172,37.4,39.5,29.9,47,68.5,572,24,3,40.1,59,17.9,1422,15,"Buche",0.68,0.122448979591837,0.0911854103343465,0.853191489361702
-1,100,152,38.5,40.5,30.6,50.7,72,601,21,2.9,42.4,58,17.5,1510,15.1,"Buche",0.74,0.121387283236994,0.0865671641791045,0.83629191321499
-1,105,134,39.5,41.4,31.1,54.4,75.5,629,18,2.8,44.6,57,17.2,1596,15.2,"Buche",0.739999999999999,0.118421052631579,0.0825958702064897,0.819852941176471
-1,110,118,40.4,42.3,31.7,58.4,78.8,657,16,2.7,47,57,16.8,1680,15.3,"Buche",0.8,0.119402985074627,0.0784883720930233,0.804794520547945
-1,115,105,41.2,43.1,32.2,62.6,82.1,684,14,2.6,49.5,56,16.5,1763,15.3,"Buche",0.84,0.117647058823529,0.0747126436781609,0.79073482428115
0,30,3333,9.3,12.9,12.5,6.9,11.5,57,1961,7.2,6.8,29,11.2,121,4,"Buche",NA,0.370419342652059,0.365482233502538,0.985507246376812
0,35,2200,12.4,15.7,14.8,9.3,15.2,88,1134,6.1,8.3,35,13.3,188,5.4,"Buche",0.48,0.340131973605279,0.291866028708134,0.89247311827957
0,40,1535,15.1,18.3,16.8,11.8,18.9,123,665,5.4,10.2,39,14.7,261,6.5,"Buche",0.5,0.302272727272727,0.243243243243243,0.864406779661017
0,45,1111,17.7,20.7,18.5,14.6,22.7,158,424,4.9,12.2,43,15.6,339,7.5,"Buche",0.56,0.276221498371336,0.209401709401709,0.835616438356164
0,50,850,20,22.8,19.9,17.3,26.5,194,261,4.6,15,45,16.2,421,8.4,"Buche",0.54,0.234923492349235,0.187755102040816,0.867052023121387
0,55,679,22.1,24.8,21.2,19.9,30.3,230,171,4.3,17.9,47,16.6,504,9.2,"Buche",0.52,0.201176470588235,0.168627450980392,0.899497487437186
0,60,560,24,26.6,22.3,22.5,34,265,119,4,20.7,49,16.8,587,9.8,"Buche",0.52,0.175257731958763,0.152091254752852,0.92
0,65,472,25.7,28.2,23.4,25.1,37.7,300,87,3.8,23.6,50,16.8,672,10.3,"Buche",0.52,0.155635062611807,0.139705882352941,0.940239043824701
0,70,405,27.3,29.7,24.4,27.7,41.4,333,67,3.6,26.2,50,16.8,756,10.8,"Buche",0.52,0.141949152542373,0.128571428571429,0.945848375451264
0,75,352,28.8,31.1,25.3,30.3,45,366,54,3.5,28.7,51,16.7,839,11.2,"Buche",0.52,0.133004926108374,0.121527777777778,0.947194719471947
0,80,307,30.1,32.3,26.1,32.9,48.5,398,44,3.3,30.9,51,16.5,922,11.5,"Buche",0.52,0.125356125356125,0.112244897959184,0.939209726443769
0,85,270,31.4,33.5,26.9,35.6,52,428,37,3.2,32.9,51,16.4,1004,11.8,"Buche",0.540000000000001,0.120521172638436,0.106312292358804,0.924157303370786
0,90,239,32.6,34.6,27.7,38.4,55.3,458,32,3,35,51,16.1,1084,12,"Buche",0.559999999999999,0.118081180811808,0.0977198697068404,0.911458333333333
0,95,212,33.6,35.6,28.3,41.3,58.6,487,27,2.9,37.1,51,15.9,1164,12.3,"Buche",0.58,0.112970711297071,0.092948717948718,0.898305084745763
0,100,188,34.6,36.5,29,44.3,61.8,515,23,2.8,39.3,51,15.7,1242,12.4,"Buche",0.6,0.109004739336493,0.0880503144654088,0.887133182844244
0,105,168,35.6,37.4,29.5,47.3,64.9,541,20,2.7,41.5,50,15.4,1319,12.6,"Buche",0.6,0.106382978723404,0.0838509316770186,0.87737843551797
0,110,151,36.4,38.2,30.1,50.4,67.9,567,18,2.6,43.7,50,15.1,1395,12.7,"Buche",0.62,0.106508875739645,0.0795107033639144,0.867063492063492
0,115,135,37.2,38.9,30.6,53.7,70.9,593,15,2.6,46,49,14.9,1469,12.8,"Buche",0.660000000000001,0.1,0.0783132530120482,0.856610800744879
0,120,122,38,39.6,31.1,57,73.7,617,13,2.5,48.5,49,14.6,1542,12.9,"Buche",0.66,0.0962962962962963,0.0744047619047619,0.850877192982456
0,125,110,38.7,40.3,31.5,60.3,76.5,640,12,2.4,50.9,48,14.4,1614,12.9,"Buche",0.66,0.0983606557377049,0.0707964601769911,0.844112769485904
1,35,3028,9.7,12.9,13.2,7.5,11.2,54,1518,5.5,6.8,24,9.5,111,3.2,"Buche",NA,0.333919929608447,0.294117647058824,0.906666666666667
1,40,2083,12.3,15.3,15.2,9.7,14.4,82,945,4.9,8.1,28,11.1,167,4.2,"Buche",0.44,0.312087186261559,0.243781094527363,0.835051546391753
1,45,1487,14.7,17.5,16.9,12,17.7,112,596,4.4,9.7,31,12.2,228,5.1,"Buche",0.46,0.28612578012482,0.206572769953052,0.808333333333333
1,50,1104,16.9,19.5,18.3,14.5,21.1,143,382,4.1,11.7,34,13,293,5.9,"Buche",0.5,0.257065948855989,0.183035714285714,0.806896551724138
1,55,879,18.9,21.4,19.6,16.8,24.5,174,225,3.9,14.9,36,13.5,361,6.6,"Buche",0.46,0.203804347826087,0.165957446808511,0.886904761904762
1,60,721,20.7,23.1,20.8,19.1,27.8,206,159,3.7,17.2,38,13.9,430,7.2,"Buche",0.46,0.180681818181818,0.151020408163265,0.900523560209424
1,65,604,22.3,24.6,21.8,21.4,31.2,237,116,3.5,19.7,39,14.1,501,7.7,"Buche",0.459999999999999,0.161111111111111,0.138339920948617,0.920560747663551
1,70,516,23.9,26.1,22.8,23.7,34.5,267,88,3.4,22.1,41,14.2,572,8.2,"Buche",0.46,0.145695364238411,0.129770992366412,0.932489451476793
1,75,447,25.3,27.4,23.7,26,37.7,297,69,3.2,24.4,41,14.2,643,8.6,"Buche",0.46,0.133720930232558,0.118959107806691,0.938461538461538
1,80,391,26.6,28.6,24.5,28.3,40.9,325,56,3.1,26.6,42,14.2,713,8.9,"Buche",0.46,0.125279642058166,0.11231884057971,0.939929328621908
1,85,344,27.7,29.7,25.3,30.6,44,353,46,3,28.7,43,14.1,784,9.2,"Buche",0.46,0.117948717948718,0.106007067137809,0.937908496732026
1,90,305,28.8,30.7,26.1,33,47,380,39,2.9,30.9,43,14,854,9.5,"Buche",0.48,0.113372093023256,0.1,0.936363636363636
1,95,273,29.8,31.6,26.7,35.3,49.9,406,33,2.8,33.1,43,13.8,923,9.7,"Buche",0.459999999999999,0.107843137254902,0.0949152542372881,0.937677053824363
1,100,245,30.8,32.5,27.4,37.7,52.8,431,28,2.7,35.3,43,13.7,991,9.9,"Buche",0.480000000000001,0.102564102564103,0.0897009966777409,0.936339522546419
1,105,221,31.7,33.3,27.9,40.2,55.6,456,24,2.7,37.4,43,13.5,1059,10.1,"Buche",0.5,0.0979591836734694,0.0882352941176471,0.930348258706468
1,110,200,32.5,34.1,28.5,42.6,58.3,479,21,2.6,39.6,43,13.3,1126,10.2,"Buche",0.48,0.0950226244343891,0.0836012861736334,0.929577464788732
1,115,181,33.2,34.8,29,45.1,60.9,502,18,2.5,41.8,43,13.1,1191,10.4,"Buche",0.5,0.0904522613065327,0.0793650793650794,0.926829268292683
1,120,165,33.9,35.4,29.5,47.6,63.4,524,16,2.4,44.1,43,13,1256,10.5,"Buche",0.5,0.0883977900552486,0.0752351097178683,0.926470588235294
1,125,151,34.6,36,29.9,50.1,65.9,546,14,2.4,46.4,42,12.8,1320,10.6,"Buche",0.5,0.0848484848484849,0.0743034055727554,0.926147704590818
1,130,139,35.2,36.6,30.3,52.7,68.2,566,13,2.3,48.5,42,12.6,1383,10.6,"Buche",0.52,0.0855263157894737,0.0705521472392638,0.920303605313093
1,135,127,35.8,37.2,30.7,55.4,70.5,586,11,2.3,50.3,42,12.4,1445,10.7,"Buche",0.539999999999999,0.0797101449275362,0.0696969696969697,0.907942238267148
1,140,117,36.3,37.7,31.1,58.1,72.7,606,10,2.2,52.1,42,12.2,1505,10.8,"Buche",0.540000000000001,0.078740157480315,0.0660660660660661,0.896729776247849
1,145,108,36.8,38.2,31.5,61,74.8,624,9,2.2,54,41,12,1565,10.8,"Buche",0.58,0.0769230769230769,0.0652818991097923,0.885245901639344
2,40,3106,9.6,12.3,13.6,7.5,10.7,48,1292,4.1,6.4,17,7.7,92,2.3,"Buche",NA,0.293769895407003,0.231638418079096,0.853333333333333
2,45,2247,11.8,14.4,15.3,9.3,13.6,73,859,3.8,7.5,20,8.9,137,3,"Buche",0.36,0.276561493882807,0.198952879581152,0.806451612903226
2,50,1670,13.8,16.2,16.7,11.3,16.5,99,577,3.6,8.9,23,9.9,186,3.7,"Buche",0.4,0.256786826880285,0.177339901477833,0.787610619469027
2,55,1278,15.7,18,18,13.4,19.5,126,393,3.4,10.5,26,10.5,239,4.3,"Buche",0.42,0.235188509874327,0.158878504672897,0.783582089552239
2,60,1006,17.4,19.6,19.2,15.6,22.5,153,272,3.3,12.4,28,11,294,4.9,"Buche",0.44,0.21283255086072,0.146666666666667,0.794871794871795
2,65,844,19,21.1,20.2,17.5,25.5,181,162,3.2,15.7,29,11.3,351,5.4,"Buche",0.38,0.1610337972167,0.136752136752137,0.897142857142857
2,70,718,20.4,22.4,21.2,19.4,28.4,207,126,3.1,17.6,31,11.5,409,5.8,"Buche",0.38,0.149289099526066,0.127572016460905,0.907216494845361
2,75,619,21.7,23.7,22.1,21.3,31.3,233,99,3,19.5,32,11.7,467,6.2,"Buche",0.38,0.137883008356546,0.119521912350598,0.915492957746479
2,80,538,23,24.8,22.9,23.3,34.2,259,80,2.9,21.4,33,11.7,526,6.6,"Buche",0.4,0.129449838187702,0.112403100775194,0.918454935622318
2,85,473,24.1,25.8,23.7,25.3,37,283,66,2.8,23.3,34,11.8,584,6.9,"Buche",0.4,0.122448979591837,0.105660377358491,0.92094861660079
2,90,418,25.1,26.8,24.5,27.3,39.7,307,54,2.7,25.4,35,11.7,643,7.1,"Buche",0.4,0.114406779661017,0.099264705882353,0.93040293040293
2,95,373,26.1,27.7,25.2,29.3,42.3,330,45,2.7,27.5,35,11.7,701,7.4,"Buche",0.4,0.107655502392345,0.0967741935483871,0.938566552901024
2,100,335,26.9,28.5,25.8,31.3,44.8,352,38,2.6,29.7,36,11.6,759,7.6,"Buche",0.4,0.101876675603217,0.0915492957746479,0.94888178913738
2,105,303,27.8,29.3,26.3,33.3,47.3,374,32,2.6,31.8,36,11.5,817,7.8,"Buche",0.399999999999999,0.0955223880597015,0.0899653979238754,0.954954954954955
2,110,276,28.5,30,26.9,35.3,49.7,395,28,2.5,33.9,36,11.4,874,7.9,"Buche",0.4,0.0921052631578947,0.0850340136054422,0.960339943342776
2,115,252,29.2,30.6,27.4,37.2,52,415,24,2.4,36.2,36,11.3,931,8.1,"Buche",0.380000000000001,0.0869565217391304,0.0805369127516779,0.973118279569892
2,120,231,29.9,31.2,27.9,39.2,54.2,434,21,2.4,38.5,37,11.2,986,8.2,"Buche",0.4,0.0833333333333333,0.0792079207920792,0.982142857142857
2,125,213,30.5,31.8,28.3,41.1,56.3,453,18,2.3,40.7,37,11,1041,8.3,"Buche",0.38,0.0779220779220779,0.0751633986928105,0.990267639902676
2,130,197,31,32.3,28.7,43,58.4,471,16,2.3,42.7,36,10.9,1096,8.4,"Buche",0.38,0.0751173708920188,0.0741935483870968,0.993023255813954
2,135,183,31.6,32.8,29.1,45,60.4,488,14,2.2,44.5,36,10.8,1150,8.5,"Buche",0.4,0.0710659898477157,0.0702875399361022,0.988888888888889
2,140,170,32.1,33.3,29.5,47,62.2,505,13,2.2,46.3,36,10.6,1203,8.6,"Buche",0.4,0.0710382513661202,0.0694006309148265,0.985106382978723
2,145,158,32.5,33.7,29.9,49.1,64,521,12,2.2,48.1,36,10.5,1255,8.7,"Buche",0.42,0.0705882352941176,0.0685358255451713,0.979633401221996
2,150,147,33,34.1,30.3,51.2,65.8,537,11,2.1,50,36,10.3,1307,8.7,"Buche",0.42,0.069620253164557,0.0648148148148148,0.9765625
3,45,3527,8.8,11.2,13.7,7,10,40,1209,2.9,5.6,11,5.8,69,1.5,"Buche",NA,0.255278716216216,0.174698795180723,0.8
3,50,2674,10.7,12.9,15.1,8.5,12.6,61,853,2.8,6.5,13,6.8,103,2.1,"Buche",0.3,0.24184859654097,0.156424581005587,0.764705882352941
3,55,2068,12.4,14.5,16.4,10,15.2,84,606,2.7,7.6,16,7.6,141,2.6,"Buche",0.3,0.226626776364996,0.141361256544503,0.76
3,60,1634,14,16,17.6,11.7,17.9,107,434,2.7,8.9,18,8.2,182,3,"Buche",0.34,0.209864603481625,0.133004926108374,0.760683760683761
3,65,1319,15.5,17.4,18.6,13.4,20.5,130,315,2.7,10.4,20,8.6,225,3.5,"Buche",0.34,0.192778457772338,0.126760563380282,0.776119402985075
3,70,1087,16.9,18.7,19.6,15.2,23.1,153,232,2.6,12,22,8.9,270,3.9,"Buche",0.36,0.175890826383624,0.117117117117117,0.789473684210526
3,75,936,18.1,19.9,20.5,16.7,25.7,176,152,2.6,14.8,23,9.2,316,4.2,"Buche",0.3,0.139705882352941,0.112554112554113,0.88622754491018
3,80,811,19.3,21,21.3,18.3,28.3,198,125,2.6,16.2,25,9.3,362,4.5,"Buche",0.32,0.133547008547009,0.108786610878661,0.885245901639344
3,85,709,20.4,22,22.1,19.9,30.7,219,103,2.5,17.8,26,9.4,409,4.8,"Buche",0.32,0.126847290640394,0.101626016260163,0.894472361809045
3,90,624,21.4,22.9,22.9,21.6,33.2,239,85,2.5,19.4,27,9.5,456,5.1,"Buche",0.340000000000001,0.119887165021157,0.0984251968503937,0.898148148148148
3,95,554,22.3,23.7,23.6,23.3,35.5,259,70,2.5,21.2,28,9.5,504,5.3,"Buche",0.34,0.112179487179487,0.0957854406130268,0.909871244635193
3,100,496,23.1,24.5,24.2,24.9,37.7,278,58,2.4,23.1,28,9.5,551,5.5,"Buche",0.32,0.104693140794224,0.0902255639097744,0.927710843373494
3,105,447,23.9,25.2,24.7,26.5,39.9,297,49,2.4,25,29,9.4,598,5.7,"Buche",0.32,0.0987903225806452,0.0885608856088561,0.943396226415094
3,110,406,24.6,25.9,25.3,28.2,42,314,41,2.4,27,29,9.4,645,5.9,"Buche",0.34,0.0917225950782998,0.0866425992779783,0.957446808510638
3,115,371,25.2,26.5,25.8,29.8,44,331,35,2.3,29,30,9.3,692,6,"Buche",0.32,0.0862068965517241,0.0818505338078292,0.973154362416107
3,120,340,25.8,27.1,26.3,31.3,46,348,30,2.3,31.1,30,9.3,738,6.2,"Buche",0.3,0.0810810810810811,0.0804195804195804,0.993610223642173
3,125,314,26.4,27.6,26.7,32.9,47.8,363,26,2.3,33.3,30,9.2,784,6.3,"Buche",0.32,0.0764705882352941,0.0793103448275862,1.01215805471125
3,130,292,26.9,28.1,27.1,34.4,49.6,379,23,2.2,35.2,30,9.1,830,6.4,"Buche",0.3,0.073015873015873,0.0750853242320819,1.02325581395349
3,135,271,27.4,28.5,27.5,35.9,51.3,393,20,2.2,37.1,31,9,875,6.5,"Buche",0.3,0.0687285223367698,0.0740740740740741,1.03342618384401
3,140,253,27.9,29,27.9,37.4,52.9,407,18,2.2,38.8,31,8.9,920,6.6,"Buche",0.3,0.0664206642066421,0.0730897009966777,1.03743315508021
3,145,237,28.3,29.4,28.3,39,54.4,421,16,2.1,40.7,31,8.8,964,6.6,"Buche",0.32,0.0632411067193676,0.069078947368421,1.04358974358974
3,150,222,28.7,29.7,28.7,40.5,55.9,434,15,2.1,42.5,31,8.7,1008,6.7,"Buche",0.3,0.0632911392405063,0.0681818181818182,1.04938271604938
4,45,4807,5.8,8,12.1,4.7,6.4,7,1559,2,3.7,2,2.7,1,0,"Buche",NA,0.244894753377317,0.141843971631206,0.787234042553192
4,50,3678,7.6,9.6,13.5,5.7,8.7,23,1129,2,4.1,3,3.7,20,0.5,"Buche",0.2,0.234865820678178,0.129032258064516,0.719298245614035
4,55,2858,9.1,11,14.8,6.6,10.9,42,819,2,4.7,6,4.7,43,0.9,"Buche",0.18,0.222735926026652,0.119047619047619,0.712121212121212
4,60,2262,10.6,12.4,16,7.8,13.3,61,596,2.1,5.4,8,5.4,70,1.1,"Buche",0.24,0.20853743876837,0.116022099447514,0.692307692307692
4,65,1794,12,13.7,17,9.3,15.5,79,468,2.2,5.1,11,5.9,99,1.6,"Buche",0.3,0.206896551724138,0.114583333333333,0.548387096774194
4,70,1456,13.4,15,18,11,17.8,99,338,2.1,6.4,13,6.3,131,2,"Buche",0.34,0.188405797101449,0.104477611940299,0.581818181818182
4,75,1253,14.5,16.1,18.9,12.1,20.1,119,205,2.2,10.1,14,6.7,165,2.2,"Buche",0.22,0.140603566529492,0.104265402843602,0.834710743801653
4,80,1084,15.6,17.2,19.7,13.3,22.4,137,170,2.3,11,17,6.9,198,2.4,"Buche",0.24,0.135566188197767,0.104545454545455,0.827067669172932
4,85,945,16.7,18.2,20.5,14.5,24.4,155,140,2.2,12.3,18,7,234,2.7,"Buche",0.24,0.129032258064516,0.0969162995594714,0.848275862068966
4,90,830,17.7,19,21.3,15.9,26.7,171,116,2.3,13.4,19,7.3,269,3.1,"Buche",0.28,0.12262156448203,0.0974576271186441,0.842767295597484
4,95,735,18.5,19.7,22,17.3,28.7,188,95,2.3,14.9,21,7.3,307,3.2,"Buche",0.28,0.114457831325301,0.0946502057613169,0.861271676300578
4,100,657,19.3,20.5,22.6,18.5,30.6,204,78,2.2,16.5,20,7.4,343,3.4,"Buche",0.24,0.106122448979592,0.0887096774193548,0.891891891891892
4,105,591,20,21.1,23.1,19.7,32.5,220,66,2.2,18.2,22,7.3,379,3.6,"Buche",0.24,0.100456621004566,0.0869565217391304,0.923857868020305
4,110,536,20.7,21.8,23.7,21.1,34.3,233,54,2.3,20.1,22,7.4,416,3.9,"Buche",0.28,0.0915254237288136,0.0884615384615385,0.95260663507109
4,115,490,21.2,22.4,24.2,22.4,36,247,46,2.2,21.8,24,7.3,453,3.9,"Buche",0.259999999999999,0.0858208955223881,0.0833333333333333,0.973214285714286
4,120,449,21.7,23,24.7,23.4,37.8,262,39,2.2,23.7,23,7.4,490,4.2,"Buche",0.2,0.0799180327868853,0.0817843866171004,1.01282051282051
4,125,415,22.3,23.4,25.1,24.7,39.3,273,34,2.3,25.9,23,7.4,527,4.3,"Buche",0.26,0.0757238307349666,0.083941605839416,1.04858299595142
4,130,387,22.8,23.9,25.5,25.8,40.8,287,30,2.1,27.7,24,7.3,564,4.4,"Buche",0.22,0.0719424460431655,0.0760869565217391,1.07364341085271
4,135,359,23.2,24.2,25.9,26.8,42.2,298,26,2.2,29.7,26,7.2,600,4.5,"Buche",0.2,0.0675324675324675,0.0782918149466192,1.10820895522388
4,140,336,23.7,24.7,26.3,27.8,43.6,309,23,2.2,31.3,26,7.2,637,4.6,"Buche",0.2,0.064066852367688,0.0771929824561404,1.12589928057554
4,145,316,24.1,25.1,26.7,28.9,44.8,321,20,2,33.3,26,7.1,673,4.5,"Buche",0.22,0.0595238095238095,0.0696864111498258,1.1522491349481
4,150,297,24.4,25.3,27.1,29.8,46,331,19,2.1,35,26,7.1,709,4.7,"Buche",0.18,0.060126582278481,0.0719178082191781,1.1744966442953
-1,15,1091,12,13.7,20.2,13.5,13.2,79,0,0,0,0,17,98,6.6,"Douglasie",NA,0,0,0
-1,20,524,17.2,18.9,27,20.9,19.9,188,567,2.8,7.7,20,26.1,230,11.5,"Douglasie",1.48,0.519706691109074,0.0939597315436242,0.368421052631579
-1,25,275,21.5,23.6,33.2,29.6,26.6,306,249,4.4,13.4,40,31.3,386,15.5,"Douglasie",1.74,0.475190839694656,0.117021276595745,0.452702702702703
-1,30,266,25.6,27.7,38.5,35.7,33.2,417,7,5.4,26.7,57,33.8,554,18.5,"Douglasie",1.22,0.0256410256410256,0.123006833712984,0.747899159663865
-1,35,269,28.8,31.1,42.8,40,39.6,517,0,6.1,41.1,71,34.8,727,20.9,"Douglasie",0.859999999999999,0,0.124744376278119,1.0275
-1,40,272,31.9,34.2,46.7,43.1,45.8,610,0,6.4,57.4,83,34.8,903,22.6,"Douglasie",0.62,0,0.120527306967985,1.33178654292343
-1,45,262,34.6,36.9,49.7,46,51.9,692,10,6.5,63.3,89,34.4,1075,23.9,"Douglasie",0.58,0.0367647058823529,0.115658362989324,1.37608695652174
-1,50,241,36.9,39.5,52.5,49.3,57.9,768,23,6.3,57.7,93,33.8,1245,24.9,"Douglasie",0.66,0.0871212121212121,0.107142857142857,1.17038539553753
-1,55,210,39.1,41.7,54.6,52.9,63.7,835,28,6.2,51.7,96,32.8,1409,25.5,"Douglasie",0.72,0.117647058823529,0.101973684210526,0.977315689981097
-1,60,181,41,43.7,56.7,57.1,69.2,897,29,6,50.7,97,31.9,1567,26.1,"Douglasie",0.84,0.138095238095238,0.0956937799043062,0.887915936952715
-1,65,155,42.8,45.5,58.2,61.5,74.6,955,26,5.7,53.5,98,30.9,1723,26.4,"Douglasie",0.88,0.143646408839779,0.0892018779342723,0.869918699186992
-1,70,135,44.6,47.2,59.8,65.8,79.9,1006,21,5.5,57.8,98,29.8,1872,26.7,"Douglasie",0.859999999999999,0.134615384615385,0.0842266462480858,0.878419452887538
-1,75,118,46.1,48.7,61,70,85,1053,16,5.3,62.5,96,28.9,2016,26.8,"Douglasie",0.84,0.119402985074627,0.0799396681749623,0.892857142857143
-1,80,106,47.5,50.2,61.8,74,90,1098,12,5.1,67,95,27.7,2154,27,"Douglasie",0.8,0.101694915254237,0.0762331838565022,0.905405405405405
-1,85,96,48.8,51.5,62.7,77.9,94.9,1137,10,5,71.4,94,26.8,2289,26.9,"Douglasie",0.780000000000001,0.0943396226415094,0.0738552437223043,0.916559691912709
-1,90,85,50,52.7,63.3,81.7,99.4,1175,8,4.8,74.3,93,25.9,2419,26.8,"Douglasie",0.76,0.0860215053763441,0.0704845814977974,0.909424724602203
-1,95,78,51.1,53.9,64,86.1,103.9,1211,9,4.5,74.5,90,25.1,2545,26.8,"Douglasie",0.879999999999998,0.103448275862069,0.0656934306569343,0.86527293844367
0,15,1815,9.4,11,16.1,10.6,11.9,55,0,0,0,0,12.1,67,4.5,"Douglasie",NA,0,0,0
0,20,1069,14.2,15.9,22.8,16.5,18,143,746,2.3,6.3,15,20.8,172,8.6,"Douglasie",1.18,0.411019283746556,0.0916334661354582,0.381818181818182
0,25,674,18.4,20.3,29,23.4,24,242,395,3.9,11.2,32,26.1,302,12.1,"Douglasie",1.38,0.369504209541628,0.11854103343465,0.478632478632479
0,30,517,22.2,24.2,34.3,29,29.9,338,156,5,20.3,48,28.9,446,14.9,"Douglasie",1.12,0.231797919762259,0.127226463104326,0.7
0,35,442,25.4,27.5,38.7,33.4,35.7,427,75,5.7,31,61,30.2,597,17.1,"Douglasie",0.88,0.145067698259188,0.128378378378378,0.92814371257485
0,40,401,28.3,30.5,42.5,36.7,41.3,510,41,6,43.2,71,30.6,751,18.8,"Douglasie",0.660000000000001,0.0927601809954751,0.123711340206186,1.17711171662125
0,45,371,30.9,33.1,45.6,39.6,46.8,585,30,6.1,50.7,77,30.5,903,20.1,"Douglasie",0.58,0.0748129675810474,0.117988394584139,1.28030303030303
0,50,343,33.1,35.5,48.3,42.4,52.2,654,29,6,51.7,81,30.1,1054,21.1,"Douglasie",0.559999999999999,0.0779569892473118,0.110497237569061,1.21933962264151
0,55,313,35.2,37.6,50.5,45.3,57.5,717,29,5.9,50.4,84,29.4,1201,21.8,"Douglasie",0.58,0.0847953216374269,0.104609929078014,1.11258278145695
0,60,284,37,39.5,52.5,48.5,62.6,775,29,5.7,49.9,85,28.7,1344,22.4,"Douglasie",0.640000000000001,0.0926517571884984,0.0979381443298969,1.02886597938144
0,65,257,38.7,41.2,54.1,51.8,67.6,829,27,5.5,51.1,86,27.9,1484,22.8,"Douglasie",0.66,0.0950704225352113,0.0922818791946309,0.986486486486487
0,70,233,40.3,42.8,55.6,55.1,72.5,878,24,5.3,53.3,86,27,1619,23.1,"Douglasie",0.660000000000001,0.0933852140077821,0.0870279146141215,0.967332123411978
0,75,212,41.7,44.2,56.8,58.4,77.3,923,21,5.1,55.9,85,26.2,1750,23.3,"Douglasie",0.66,0.0901287553648069,0.0823909531502423,0.957191780821918
0,80,194,43,45.6,57.7,61.6,82,966,18,4.9,58.7,84,25.3,1876,23.5,"Douglasie",0.640000000000001,0.0849056603773585,0.0782747603833866,0.952922077922078
0,85,178,44.2,46.8,58.5,64.7,86.6,1005,16,4.8,61.7,83,24.5,1999,23.5,"Douglasie",0.62,0.0824742268041237,0.0758293838862559,0.953632148377125
0,90,163,45.3,47.9,59.1,67.8,91,1042,14,4.6,63.8,82,23.7,2118,23.5,"Douglasie",0.619999999999999,0.0790960451977401,0.0722135007849293,0.941002949852507
0,95,150,46.3,49,59.8,71.3,95.4,1077,14,4.4,64.1,80,23,2233,23.5,"Douglasie",0.7,0.0853658536585366,0.0685358255451713,0.899018232819074
1,15,2539,6.8,8.3,12,7.7,10.6,31,0,0,0,0,7.2,36,2.4,"Douglasie",NA,0,0,0
1,20,1614,11.2,12.9,18.6,12.1,16.1,98,925,1.8,4.9,10,15.5,114,5.7,"Douglasie",0.88,0.364316660102403,0.088235294117647,0.40495867768595
1,25,1073,15.3,17,24.8,17.2,21.4,178,541,3.4,9,24,20.9,218,8.7,"Douglasie",1.02,0.335192069392813,0.120567375886525,0.523255813953488
1,30,768,18.8,20.7,30.1,22.3,26.6,259,305,4.6,13.9,39,24,338,11.3,"Douglasie",1.02,0.284249767008388,0.132564841498559,0.623318385650224
1,35,615,22,23.9,34.6,26.8,31.8,337,154,5.3,20.9,51,25.6,467,13.3,"Douglasie",0.9,0.200260078023407,0.132832080200501,0.779850746268657
1,40,530,24.7,26.8,38.3,30.3,36.8,410,85,5.6,29,59,26.4,599,15,"Douglasie",0.7,0.138211382113821,0.12756264236902,0.957095709570957
1,45,480,27.2,29.3,41.5,33.2,41.7,478,50,5.7,38.1,65,26.6,731,16.3,"Douglasie",0.58,0.0943396226415094,0.120762711864407,1.14759036144578
1,50,445,29.3,31.5,44.1,35.5,46.5,540,35,5.7,45.7,69,26.4,863,17.3,"Douglasie",0.459999999999999,0.0729166666666667,0.114457831325301,1.28732394366197
1,55,416,31.3,33.5,46.4,37.7,51.3,599,30,5.6,49.1,72,26,993,18.1,"Douglasie",0.440000000000001,0.0672645739910314,0.107692307692308,1.30238726790451
1,60,387,33,35.3,48.3,39.9,56,653,29,5.4,49.1,73,25.5,1121,18.7,"Douglasie",0.439999999999999,0.0697115384615385,0.100558659217877,1.23057644110276
1,65,359,34.6,36.9,50,42.1,60.6,703,28,5.3,48.7,74,24.9,1245,19.2,"Douglasie",0.440000000000001,0.0723514211886305,0.0958408679927667,1.15676959619953
1,70,331,36,38.4,51.4,44.4,65.1,750,27,5.1,48.8,74,24.2,1366,19.5,"Douglasie",0.459999999999999,0.0754189944134078,0.0902654867256637,1.0990990990991
1,75,306,37.3,39.7,52.6,46.8,69.6,793,26,4.9,49.3,74,23.5,1484,19.8,"Douglasie",0.48,0.0783132530120482,0.0852173913043478,1.0534188034188
1,80,282,38.5,41,53.6,49.2,74,834,24,4.7,50.4,73,22.9,1598,20,"Douglasie",0.480000000000001,0.0784313725490196,0.0806174957118353,1.02439024390244
1,85,260,39.6,42.1,54.3,51.5,78.3,873,22,4.6,52,72,22.2,1709,20.1,"Douglasie",0.459999999999999,0.0780141843971631,0.0780984719864177,1.00970873786408
1,90,241,40.6,43.1,54.9,53.9,82.6,909,20,4.4,53.3,71,21.5,1817,20.2,"Douglasie",0.48,0.0766283524904215,0.0741989881956155,0.98886827458256
1,95,222,41.5,44.1,55.6,56.5,86.9,943,19,4.3,53.7,70,20.9,1921,20.2,"Douglasie",0.52,0.0788381742738589,0.0717863105175292,0.950442477876106
1,100,204,42.4,45,56.6,59.5,91.1,975,18,4.1,53.7,69,20.3,2023,20.2,"Douglasie",0.6,0.0810810810810811,0.0675453047775947,0.902521008403361
1,105,187,43.2,45.8,57.8,62.8,95.2,1006,17,4,54.1,68,19.7,2121,20.2,"Douglasie",0.66,0.0833333333333333,0.0647249190938511,0.861464968152866
1,110,171,44,46.6,59.1,66.4,99.3,1035,16,3.8,55.1,67,19.1,2217,20.2,"Douglasie",0.720000000000002,0.0855614973262032,0.0604133545310016,0.829819277108434
1,115,156,44.7,47.4,60.4,70.3,103.3,1062,15,3.7,56.2,65,18.6,2309,20.1,"Douglasie",0.779999999999998,0.087719298245614,0.0577223088923557,0.799431009957326
2,20,2207,8.5,10.1,14.5,9.2,14.3,59,1072,1,3.4,5,10.3,66,3.3,"Douglasie",NA,0.326928941750534,0.0645161290322581,0.369565217391304
2,25,1524,12.3,14,20.7,13.2,19,122,683,2.7,7.1,16,15.8,145,5.8,"Douglasie",0.8,0.309469868599909,0.115384615384615,0.537878787878788
2,30,1103,15.6,17.4,26,17.3,23.6,188,420,4,11.1,29,19.2,241,8,"Douglasie",0.82,0.275771503611293,0.133333333333333,0.641618497109827
2,35,850,18.6,20.5,30.5,21.4,28.1,254,253,4.8,15.5,40,21.1,346,9.9,"Douglasie",0.82,0.229374433363554,0.135977337110482,0.724299065420561
2,40,700,21.2,23.2,34.2,24.9,32.5,317,150,5.2,21,48,22.2,457,11.4,"Douglasie",0.7,0.176470588235294,0.131979695431472,0.843373493975904
2,45,609,23.5,25.5,37.4,27.9,36.8,376,91,5.3,27.3,54,22.6,570,12.7,"Douglasie",0.6,0.13,0.124121779859485,0.978494623655914
2,50,553,25.5,27.6,40,30.4,41.1,432,57,5.3,34.5,58,22.7,684,13.7,"Douglasie",0.5,0.0934426229508197,0.116997792494481,1.13486842105263
2,55,513,27.4,29.5,42.3,32.4,45.3,485,39,5.2,41.3,60,22.5,797,14.5,"Douglasie",0.4,0.0706521739130435,0.109473684210526,1.27469135802469
2,60,482,29,31.2,44.2,34.2,49.5,534,31,5.1,46,62,22.2,908,15.1,"Douglasie",0.360000000000001,0.0604288499025341,0.103448275862069,1.34502923976608
2,65,456,30.4,32.7,45.9,35.8,53.7,581,27,5,48.7,63,21.8,1017,15.6,"Douglasie",0.319999999999999,0.0559006211180124,0.0982318271119843,1.36033519553073
2,70,431,31.7,34,47.3,37.4,57.9,624,25,4.8,49.9,63,21.3,1123,16,"Douglasie",0.32,0.0548245614035088,0.0921305182341651,1.33422459893048
2,75,407,32.9,35.2,48.5,38.9,62,666,24,4.7,50,63,20.8,1228,16.4,"Douglasie",0.3,0.0556844547563805,0.0883458646616541,1.2853470437018
2,80,384,34,36.4,49.5,40.5,66.1,705,23,4.5,50,62,20.3,1329,16.6,"Douglasie",0.32,0.0565110565110565,0.0833333333333333,1.23456790123457
2,85,362,35,37.4,50.2,42,70.1,742,22,4.4,50.3,62,19.8,1428,16.8,"Douglasie",0.3,0.0572916666666667,0.0805860805860806,1.19761904761905
2,90,341,35.9,38.3,50.8,43.5,74.2,776,21,4.2,50.2,61,19.2,1524,16.9,"Douglasie",0.3,0.0580110497237569,0.0763636363636364,1.15402298850575
2,95,320,36.8,39.2,51.5,45.3,78.2,810,21,4.1,49.4,60,18.7,1618,17,"Douglasie",0.359999999999999,0.06158357771261,0.0737410071942446,1.09050772626932
2,100,299,37.6,40,52.5,47.3,82.2,841,21,3.9,48.6,59,18.2,1709,17.1,"Douglasie",0.4,0.065625,0.0691489361702128,1.02748414376321
2,105,278,38.3,40.7,53.7,49.6,86.2,871,21,3.8,48.3,58,17.7,1797,17.1,"Douglasie",0.460000000000001,0.0702341137123746,0.0660869565217391,0.973790322580645
2,110,259,39,41.4,55,52,90.1,900,20,3.7,48.8,57,17.2,1883,17.1,"Douglasie",0.48,0.0716845878136201,0.0630323679727428,0.938461538461538
2,115,240,39.6,42.1,56.3,54.6,94.1,928,18,3.6,49.5,56,16.8,1967,17.1,"Douglasie",0.52,0.0697674418604651,0.0601001669449082,0.906593406593407
2,120,223,40.2,42.7,57.5,57.4,98,954,17,3.4,50.2,55,16.3,2048,17.1,"Douglasie",0.559999999999999,0.0708333333333333,0.0558292282430213,0.874564459930314
3,20,2836,6.2,7.7,10.4,6.8,12.6,29,1153,0,0.7,0,5.4,28,1.4,"Douglasie",NA,0.289044873401855,0,0.102941176470588
3,25,2032,9.6,11.2,16.6,10.2,16.8,74,804,1.6,5,8,10.8,82,3.3,"Douglasie",0.68,0.283497884344147,0.0879120879120879,0.490196078431373
3,30,1503,12.7,14.4,21.9,13.6,20.7,127,529,3.2,8.8,20,14.5,154,5.1,"Douglasie",0.68,0.260334645669291,0.127490039840637,0.647058823529412
3,35,1160,15.5,17.2,26.3,17,24.6,180,343,4.2,12.4,30,16.7,238,6.8,"Douglasie",0.68,0.228210246174318,0.137704918032787,0.729411764705882
3,40,938,17.9,19.7,30.1,20.2,28.4,233,222,4.6,16.3,37,18,328,8.2,"Douglasie",0.64,0.191379310344828,0.132564841498559,0.806930693069307
3,45,794,20,21.9,33.3,23.1,32.2,284,144,4.8,20.7,43,18.7,422,9.4,"Douglasie",0.58,0.153518123667377,0.125984251968504,0.896103896103896
3,50,699,21.9,23.9,35.9,25.6,35.9,332,95,4.9,25.6,47,19,517,10.3,"Douglasie",0.5,0.119647355163728,0.120098039215686,1
3,55,634,23.6,25.6,38.1,27.7,39.6,378,65,4.9,31,49,19.1,612,11.1,"Douglasie",0.42,0.0929899856938484,0.113953488372093,1.11913357400722
3,60,588,25,27.1,40.1,29.5,43.4,422,46,4.8,36.3,51,18.9,707,11.8,"Douglasie",0.36,0.0725552050473186,0.106904231625835,1.23050847457627
3,65,553,26.4,28.5,41.8,31,47.1,464,35,4.6,41.3,52,18.7,800,12.3,"Douglasie",0.3,0.0595238095238095,0.0991379310344827,1.33225806451613
3,70,526,27.5,29.7,43.2,32.3,50.8,504,28,4.5,45.7,52,18.4,892,12.7,"Douglasie",0.259999999999999,0.0505415162454874,0.0943396226415094,1.41486068111455
3,75,502,28.6,30.8,44.4,33.5,54.5,542,23,4.4,48.9,52,18,982,13.1,"Douglasie",0.240000000000001,0.0438095238095238,0.0901639344262295,1.45970149253731
3,80,482,29.6,31.8,45.4,34.6,58.2,578,21,4.2,51,52,17.6,1070,13.4,"Douglasie",0.22,0.0417495029821074,0.0846774193548387,1.47398843930636
3,85,463,30.5,32.7,46.1,35.6,61.9,613,19,4.1,52.5,52,17.2,1157,13.6,"Douglasie",0.2,0.0394190871369295,0.0816733067729083,1.4747191011236
3,90,445,31.3,33.5,46.7,36.6,65.7,646,18,4,52.8,51,16.8,1241,13.8,"Douglasie",0.2,0.0388768898488121,0.0788954635108481,1.44262295081967
3,95,426,32,34.3,47.4,37.6,69.4,677,19,3.8,51.3,50,16.4,1323,13.9,"Douglasie",0.2,0.0426966292134831,0.07421875,1.36436170212766
3,100,407,32.7,35,48.4,38.9,73.2,708,19,3.7,49.3,50,16,1403,14,"Douglasie",0.259999999999999,0.0446009389671361,0.0710172744721689,1.26735218508997
3,105,387,33.3,35.6,49.6,40.4,76.9,737,20,3.6,48.3,49,15.6,1481,14.1,"Douglasie",0.3,0.0491400491400491,0.0676691729323308,1.19554455445545
3,110,368,33.9,36.2,50.9,42,80.7,764,19,3.5,48,48,15.2,1557,14.2,"Douglasie",0.32,0.0490956072351421,0.0643382352941177,1.14285714285714
3,115,349,34.5,36.8,52.1,43.6,84.5,791,19,3.4,48.2,47,14.8,1631,14.2,"Douglasie",0.32,0.0516304347826087,0.0612612612612613,1.10550458715596
3,120,331,35,37.3,53.4,45.3,88.2,817,18,3.3,48.3,46,14.5,1703,14.2,"Douglasie",0.339999999999999,0.0515759312320917,0.0582010582010582,1.06622516556291
4,20,3465,3.9,5.3,6.3,4.4,10.9,0,1234,0,0,0,0.5,0,0,"Douglasie",NA,0.262609065758672,0,0
4,25,2540,6.9,8.4,12.5,7.2,14.6,26,925,0.5,2.9,0,5.8,19,0.8,"Douglasie",0.56,0.266955266955267,0.0384615384615385,0.402777777777778
4,30,1903,9.8,11.4,17.8,9.9,17.8,66,638,2.4,6.5,11,9.8,67,2.2,"Douglasie",0.54,0.251082251082251,0.118811881188119,0.656565656565657
4,35,1470,12.4,13.9,22.1,12.6,21.1,106,433,3.6,9.3,20,12.3,130,3.7,"Douglasie",0.54,0.227535470310037,0.140077821011673,0.738095238095238
4,40,1176,14.6,16.2,26,15.5,24.3,149,294,4,11.6,26,13.8,199,5,"Douglasie",0.58,0.2,0.133333333333333,0.748387096774194
4,45,979,16.5,18.3,29.2,18.3,27.6,192,197,4.3,14.1,32,14.8,274,6.1,"Douglasie",0.56,0.167517006802721,0.128358208955224,0.770491803278688
4,50,845,18.3,20.2,31.8,20.8,30.7,232,133,4.5,16.7,36,15.3,350,6.9,"Douglasie",0.5,0.1359918200409,0.12396694214876,0.802884615384615
4,55,755,19.8,21.7,33.9,23,33.9,271,91,4.6,20.7,38,15.7,427,7.7,"Douglasie",0.44,0.107565011820331,0.119480519480519,0.9
4,60,694,21,23,36,24.8,37.3,310,61,4.5,26.6,40,15.6,506,8.5,"Douglasie",0.36,0.080794701986755,0.111111111111111,1.07258064516129
4,65,650,22.4,24.3,37.7,26.2,40.5,347,43,4.2,33.9,41,15.6,583,9,"Douglasie",0.28,0.062049062049062,0.100238663484487,1.29389312977099
4,70,621,23.3,25.4,39.1,27.2,43.7,384,31,4.2,41.5,41,15.5,661,9.4,"Douglasie",0.2,0.0475460122699387,0.0969976905311778,1.52573529411765
4,75,597,24.3,26.4,40.3,28.1,47,418,22,4.1,47.8,41,15.2,736,9.8,"Douglasie",0.18,0.0355411954765751,0.0923423423423423,1.70106761565836
4,80,580,25.2,27.2,41.3,28.7,50.3,451,19,3.9,52,42,14.9,811,10.2,"Douglasie",0.12,0.0317195325542571,0.086283185840708,1.81184668989547
4,85,564,26,28,42,29.2,53.7,484,16,3.8,54.7,42,14.6,886,10.4,"Douglasie",0.1,0.0275862068965517,0.0829694323144105,1.87328767123288
4,90,549,26.7,28.7,42.6,29.7,57.2,516,15,3.8,55.4,41,14.4,958,10.7,"Douglasie",0.1,0.0265957446808511,0.0818965517241379,1.86531986531987
4,95,532,27.2,29.4,43.3,29.9,60.6,544,17,3.5,53.2,40,14.1,1028,10.8,"Douglasie",0.0399999999999999,0.0309653916211293,0.0747863247863248,1.77926421404682
4,100,515,27.8,30,44.3,30.5,64.2,575,17,3.5,50,41,13.8,1097,10.9,"Douglasie",0.12,0.0319548872180451,0.0732217573221757,1.63934426229508
4,105,496,28.3,30.5,45.5,31.2,67.6,603,19,3.4,48.3,40,13.5,1165,11.1,"Douglasie",0.14,0.0368932038834951,0.0695296523517382,1.54807692307692
4,110,477,28.8,31,46.8,32,71.3,628,18,3.3,47.2,39,13.2,1231,11.3,"Douglasie",0.16,0.0363636363636364,0.0658682634730539,1.475
4,115,458,29.4,31.5,47.9,32.6,74.9,654,20,3.2,46.9,38,12.8,1295,11.3,"Douglasie",0.12,0.0418410041841004,0.0626223091976517,1.43865030674847
4,120,439,29.8,31.9,49.3,33.2,78.4,680,19,3.2,46.4,37,12.7,1358,11.3,"Douglasie",0.12,0.0414847161572052,0.060952380952381,1.39759036144578
-1,15,3126,8.4,10.7,10.9,6.7,11,36,0,0,0,0,9.9,60,4,"Eiche",NA,0,0,0
-1,20,1923,11.5,13.6,12.7,9.2,14.4,72,1203,5.1,7.3,29,13.1,126,6.3,"Eiche",0.5,0.384836852207294,0.286516853932584,0.793478260869565
-1,25,1375,14.1,16.1,14.5,11.6,17.7,109,549,4.9,10.7,35,14.4,197,7.9,"Eiche",0.48,0.285343035343035,0.252577319587629,0.922413793103448
-1,30,1063,16.4,18.2,16.2,13.9,20.9,144,312,4.6,13.7,39,14.8,271,9,"Eiche",0.46,0.226909090909091,0.221153846153846,0.985611510791367
-1,35,860,18.4,20.1,17.7,16.2,24,178,203,4.3,16.4,41,14.8,346,9.9,"Eiche",0.46,0.190968955785513,0.195454545454545,1.01234567901235
-1,40,715,20.2,21.8,19.1,18.4,26.9,209,145,4,18.7,42,14.6,419,10.5,"Eiche",0.44,0.168604651162791,0.173160173160173,1.01630434782609
-1,45,605,21.7,23.3,20.2,20.6,29.8,238,110,3.8,20.9,43,14.3,490,10.9,"Eiche",0.440000000000001,0.153846153846154,0.158333333333333,1.01456310679612
-1,50,519,23.1,24.6,21.1,22.8,32.6,264,86,3.6,22.9,43,13.9,560,11.2,"Eiche",0.44,0.142148760330579,0.145748987854251,1.00438596491228
-1,55,450,24.4,25.8,21.9,24.9,35.4,289,69,3.4,25,43,13.6,628,11.4,"Eiche",0.42,0.132947976878613,0.134387351778656,1.00401606425703
-1,60,395,25.5,26.9,22.6,27,38.1,312,56,3.2,27.1,43,13.2,694,11.6,"Eiche",0.42,0.124168514412417,0.124031007751938,1.0037037037037
-1,65,350,26.6,27.9,23.2,29.1,40.8,333,45,3.1,29.4,43,12.8,757,11.7,"Eiche",0.42,0.113924050632911,0.11787072243346,1.01030927835052
-1,70,313,27.6,28.8,23.8,31.1,43.4,352,37,2.9,31.9,43,12.4,819,11.7,"Eiche",0.4,0.105714285714286,0.108614232209738,1.02572347266881
-1,75,283,28.4,29.6,24.4,33.2,46,370,30,2.8,34.4,42,12,879,11.7,"Eiche",0.42,0.0958466453674121,0.102941176470588,1.03614457831325
-1,80,257,29.3,30.4,25,35.2,48.6,386,25,2.7,36.8,42,11.7,938,11.7,"Eiche",0.4,0.0886524822695035,0.0974729241877256,1.04545454545455
-1,85,235,30,31.1,25.5,37.2,51.1,402,22,2.6,39.1,41,11.3,994,11.7,"Eiche",0.4,0.0856031128404669,0.0925266903914591,1.0510752688172
-1,90,217,30.7,31.8,26.1,39.1,53.6,416,19,2.5,41.2,41,11,1049,11.7,"Eiche",0.38,0.0805084745762712,0.0874125874125874,1.0537084398977
-1,95,200,31.4,32.4,26.6,41.1,56.1,429,16,2.4,43.3,40,10.7,1103,11.6,"Eiche",0.4,0.0740740740740741,0.0827586206896552,1.05352798053528
-1,100,186,32,33,27,43.1,58.5,441,15,2.3,45.2,40,10.4,1155,11.5,"Eiche",0.4,0.0746268656716418,0.0784982935153583,1.04872389791183
-1,105,173,32.6,33.5,27.5,45,60.9,453,13,2.3,47.2,39,10.1,1205,11.5,"Eiche",0.38,0.0698924731182796,0.0771812080536913,1.04888888888889
-1,110,161,33.1,34.1,27.9,46.9,63.3,464,12,2.2,49.1,39,9.8,1255,11.4,"Eiche",0.38,0.069364161849711,0.0730897009966777,1.04690831556503
-1,115,151,33.6,34.5,28.2,48.8,65.7,474,10,2.1,51.1,38,9.6,1303,11.3,"Eiche",0.38,0.062111801242236,0.0693069306930693,1.04713114754098
-1,120,141,34.1,35,28.6,50.7,68,483,9,2.1,52.9,37,9.3,1349,11.2,"Eiche",0.380000000000001,0.06,0.0684039087947883,1.04339250493097
-1,125,133,34.5,35.4,28.9,52.6,70.3,492,9,2,54.7,37,9.1,1395,11.2,"Eiche",0.38,0.0633802816901408,0.0647249190938511,1.03992395437262
-1,130,125,35,35.8,29.2,54.5,72.6,500,8,1.9,56.4,36,8.9,1439,11.1,"Eiche",0.38,0.0601503759398496,0.0610932475884244,1.0348623853211
-1,135,118,35.4,36.2,29.4,56.3,74.9,508,7,1.9,58.2,36,8.7,1483,11,"Eiche",0.359999999999999,0.056,0.060702875399361,1.03374777975133
-1,140,112,35.8,36.6,29.7,58.2,77.2,515,7,1.8,60,35,8.5,1525,10.9,"Eiche",0.380000000000001,0.0588235294117647,0.0571428571428571,1.03092783505155
-1,145,106,36.1,36.9,29.9,60,79.4,522,6,1.8,61.9,34,8.3,1566,10.8,"Eiche",0.359999999999999,0.0535714285714286,0.056782334384858,1.03166666666667
-1,150,100,36.5,37.2,30.1,61.9,81.7,529,5,1.7,64,34,8.1,1607,10.7,"Eiche",0.38,0.0476190476190476,0.0534591194968553,1.03392568659128
-1,155,95,36.8,37.6,30.3,63.7,83.9,535,5,1.7,66,33,7.9,1646,10.6,"Eiche",0.360000000000001,0.05,0.053125,1.03610675039246
-1,160,91,37.1,37.9,30.5,65.5,86.1,541,5,1.7,67.7,33,7.7,1685,10.5,"Eiche",0.359999999999999,0.0520833333333333,0.0527950310559006,1.03358778625954
-1,165,86,37.4,38.1,30.7,67.3,88.3,546,4,1.6,69.2,32,7.6,1723,10.4,"Eiche",0.359999999999999,0.0444444444444444,0.0495356037151703,1.02823179791976
-1,170,82,37.7,38.4,30.9,69.1,90.4,551,4,1.6,70.2,32,7.4,1760,10.4,"Eiche",0.359999999999999,0.0465116279069767,0.0492307692307692,1.01591895803184
-1,175,78,38,38.7,30.9,70.9,92.6,556,4,1.5,71.1,31,7.3,1796,10.3,"Eiche",0.360000000000002,0.048780487804878,0.0462962962962963,1.00282087447109
0,20,2320,9.4,11.3,11.3,7.9,11.6,42,1638,3.8,5.4,17,8.9,71,3.5,"Eiche",NA,0.413845376452754,0.251655629139073,0.683544303797468
0,25,1619,11.8,13.6,13,10.1,14.5,72,701,3.9,8.4,23,10.5,123,4.9,"Eiche",0.44,0.302155172413793,0.230769230769231,0.831683168316832
0,30,1235,13.9,15.6,14.7,12.3,17.3,102,385,3.7,11.1,26,11.3,180,6,"Eiche",0.44,0.237654320987654,0.201086956521739,0.902439024390244
0,35,989,15.8,17.4,16.3,14.5,20,131,246,3.5,13.5,28,11.6,238,6.8,"Eiche",0.44,0.19919028340081,0.176767676767677,0.931034482758621
0,40,815,17.5,19,17.6,16.6,22.7,160,173,3.3,15.6,30,11.7,296,7.4,"Eiche",0.42,0.175101214574899,0.157894736842105,0.939759036144578
0,45,685,19,20.4,18.8,18.7,25.3,187,130,3.1,17.6,31,11.6,354,7.9,"Eiche",0.42,0.159509202453988,0.141552511415525,0.941176470588235
0,50,584,20.4,21.7,19.7,20.7,27.9,212,101,3,19.4,32,11.5,411,8.2,"Eiche",0.4,0.147445255474453,0.13215859030837,0.93719806763285
0,55,504,21.6,22.9,20.5,22.7,30.4,236,80,2.9,21.4,33,11.3,468,8.5,"Eiche",0.4,0.136986301369863,0.123931623931624,0.94273127753304
0,60,439,22.7,24,21.1,24.7,32.9,258,64,2.8,23.4,33,11.1,523,8.7,"Eiche",0.4,0.127236580516899,0.117154811715481,0.947368421052632
0,65,388,23.8,24.9,21.8,26.7,35.3,279,52,2.7,25.6,33,10.8,577,8.9,"Eiche",0.4,0.118181818181818,0.110204081632653,0.958801498127341
0,70,346,24.7,25.8,22.4,28.7,37.8,298,42,2.6,28,34,10.6,630,9,"Eiche",0.4,0.108247422680412,0.104,0.975609756097561
0,75,311,25.6,26.7,22.9,30.6,40.2,317,35,2.5,30.4,34,10.4,682,9.1,"Eiche",0.38,0.101156069364162,0.0984251968503937,0.993464052287582
0,80,282,26.4,27.4,23.5,32.6,42.5,333,29,2.4,32.8,34,10.1,732,9.2,"Eiche",0.4,0.0932475884244373,0.0926640926640927,1.00613496932515
0,85,258,27.1,28.1,24.1,34.5,44.9,349,24,2.4,35,34,9.9,782,9.2,"Eiche",0.38,0.0851063829787234,0.090566037735849,1.01449275362319
0,90,237,27.8,28.8,24.6,36.4,47.2,364,21,2.3,37.2,34,9.7,830,9.2,"Eiche",0.38,0.0813953488372093,0.0855018587360595,1.02197802197802
0,95,218,28.5,29.4,25.1,38.3,49.5,378,18,2.2,39.2,34,9.4,877,9.2,"Eiche",0.38,0.076271186440678,0.0805860805860806,1.02349869451697
0,100,202,29.1,30,25.6,40.2,51.8,390,16,2.2,41.2,33,9.2,924,9.2,"Eiche",0.380000000000001,0.073394495412844,0.079136690647482,1.02487562189055
0,105,187,29.7,30.5,26,42,54,402,14,2.1,43.1,33,9,969,9.2,"Eiche",0.359999999999999,0.0696517412935323,0.0747330960854092,1.02619047619048
0,110,175,30.2,31.1,26.4,43.9,56.3,414,13,2.1,45.1,33,8.8,1013,9.2,"Eiche",0.38,0.0691489361702128,0.0736842105263158,1.02733485193622
0,115,163,30.7,31.5,26.8,45.7,58.5,424,12,2,47.1,33,8.6,1056,9.2,"Eiche",0.360000000000001,0.0685714285714286,0.0694444444444444,1.03063457330416
0,120,153,31.2,32,27.1,47.6,60.7,434,10,2,49,32,8.5,1098,9.2,"Eiche",0.38,0.0613496932515337,0.0687285223367698,1.02941176470588
0,125,143,31.7,32.4,27.4,49.4,62.9,443,9,1.9,50.8,32,8.3,1140,9.1,"Eiche",0.359999999999999,0.0592105263157895,0.0648464163822526,1.02834008097166
0,130,135,32.1,32.8,27.7,51.2,65,452,9,1.9,52.6,32,8.1,1180,9.1,"Eiche",0.360000000000001,0.0625,0.0641891891891892,1.02734375
0,135,127,32.5,33.2,28,53,67.2,460,8,1.8,54.4,31,7.9,1220,9,"Eiche",0.359999999999999,0.0592592592592593,0.0604026845637584,1.02641509433962
0,140,120,32.9,33.6,28.2,54.8,69.3,468,7,1.8,56.3,31,7.8,1259,9,"Eiche",0.359999999999999,0.0551181102362205,0.06,1.02737226277372
0,145,113,33.2,33.9,28.5,56.6,71.5,475,7,1.7,58.3,31,7.6,1297,8.9,"Eiche",0.360000000000001,0.0583333333333333,0.0562913907284768,1.03003533568905
0,150,107,33.6,34.3,28.7,58.4,73.6,482,6,1.7,60.4,30,7.5,1335,8.9,"Eiche",0.359999999999999,0.0530973451327434,0.055921052631579,1.03424657534247
0,155,102,33.9,34.6,28.9,60.2,75.7,489,5,1.7,62.4,30,7.3,1371,8.8,"Eiche",0.360000000000001,0.0467289719626168,0.0555555555555556,1.03654485049834
0,160,97,34.3,34.9,29.1,61.9,77.8,495,5,1.6,64.3,30,7.2,1407,8.8,"Eiche",0.339999999999999,0.0490196078431373,0.0521172638436482,1.03877221324717
0,165,92,34.6,35.2,29.3,63.7,79.9,501,5,1.6,65.8,29,7.1,1443,8.7,"Eiche",0.360000000000001,0.0515463917525773,0.0517799352750809,1.03296703296703
0,170,87,34.8,35.4,29.4,65.5,81.9,507,4,1.6,66.9,29,6.9,1478,8.7,"Eiche",0.359999999999999,0.043956043956044,0.0516129032258065,1.02137404580153
0,175,83,35.1,35.7,29.5,67.2,84,512,4,1.5,67.9,29,6.8,1512,8.6,"Eiche",0.340000000000001,0.0459770114942529,0.0483870967741935,1.01041666666667
0,180,79,35.4,36,29.5,69,86,517,4,1.5,68.9,28,6.7,1545,8.6,"Eiche",0.359999999999999,0.0481927710843374,0.0483870967741935,0.998550724637681
1,25,1974,9.5,11.2,11.6,8.6,11.6,41,965,2.8,6.1,13,7,67,2.7,"Eiche",NA,0.328342973800612,0.194444444444444,0.709302325581395
1,30,1472,11.5,13.1,13.3,10.7,14.1,65,502,2.8,8.4,16,8.1,108,3.6,"Eiche",0.42,0.254305977710233,0.173913043478261,0.785046728971963
1,35,1161,13.3,14.8,14.8,12.7,16.5,90,311,2.7,10.5,18,8.6,151,4.3,"Eiche",0.4,0.211277173913043,0.154285714285714,0.826771653543307
1,40,947,14.9,16.3,16.2,14.7,18.9,114,215,2.6,12.4,20,8.9,195,4.9,"Eiche",0.4,0.185025817555938,0.138297872340426,0.843537414965986
1,45,788,16.3,17.6,17.3,16.7,21.3,139,159,2.5,14.2,21,9,240,5.3,"Eiche",0.4,0.167898627243928,0.126262626262626,0.850299401197605
1,50,666,17.6,18.9,18.2,18.7,23.6,162,122,2.4,15.9,22,9.1,286,5.7,"Eiche",0.4,0.154822335025381,0.116504854368932,0.850267379679144
1,55,571,18.8,20,19,20.6,25.9,184,96,2.3,17.7,23,9.1,331,6,"Eiche",0.38,0.143928035982009,0.107981220657277,0.859223300970874
1,60,495,19.9,21,19.7,22.5,28.2,206,76,2.3,19.6,24,9,376,6.3,"Eiche",0.38,0.133099824868651,0.104545454545455,0.871111111111111
1,65,434,20.9,22,20.3,24.4,30.4,226,61,2.2,21.6,24,8.9,421,6.5,"Eiche",0.38,0.123232323232323,0.0977777777777778,0.885245901639344
1,70,385,21.8,22.9,20.9,26.3,32.7,245,49,2.2,23.8,25,8.8,465,6.6,"Eiche",0.38,0.112903225806452,0.0952380952380953,0.904942965779468
1,75,345,22.7,23.7,21.5,28.2,34.9,263,40,2.1,26.1,25,8.7,508,6.8,"Eiche",0.38,0.103896103896104,0.0889830508474576,0.925531914893617
1,80,312,23.5,24.4,22.1,30,37,280,33,2.1,28.4,26,8.5,551,6.9,"Eiche",0.36,0.0956521739130435,0.0867768595041322,0.946666666666667
1,85,284,24.2,25.1,22.6,31.8,39.2,296,28,2.1,30.6,26,8.4,593,7,"Eiche",0.36,0.0897435897435897,0.0850202429149798,0.962264150943396
1,90,260,24.9,25.8,23.2,33.7,41.4,311,24,2,32.7,26,8.3,634,7,"Eiche",0.38,0.0845070422535211,0.0793650793650794,0.970326409495549
1,95,239,25.6,26.4,23.7,35.5,43.5,325,21,2,34.7,27,8.1,675,7.1,"Eiche",0.359999999999999,0.0807692307692308,0.0778210116731518,0.977464788732394
1,100,221,26.2,27,24.1,37.3,45.6,338,18,1.9,36.6,27,8,715,7.1,"Eiche",0.359999999999999,0.0753138075313808,0.0730769230769231,0.981233243967829
1,105,204,26.8,27.5,24.6,39.1,47.7,350,16,1.9,38.6,27,7.9,754,7.2,"Eiche",0.360000000000001,0.0727272727272727,0.0716981132075472,0.987212276214834
1,110,190,27.3,28.1,25,40.9,49.8,362,14,1.9,40.6,27,7.7,793,7.2,"Eiche",0.359999999999999,0.0686274509803922,0.070631970260223,0.992665036674817
1,115,177,27.8,28.5,25.3,42.7,51.9,373,13,1.8,42.6,27,7.6,831,7.2,"Eiche",0.360000000000001,0.068421052631579,0.0664206642066421,0.997658079625293
1,120,165,28.3,29,25.7,44.5,54,383,12,1.8,44.5,27,7.5,868,7.2,"Eiche",0.359999999999999,0.0677966101694915,0.0654545454545455,1
1,125,155,28.8,29.4,26,46.2,56,393,11,1.8,46.4,27,7.4,905,7.2,"Eiche",0.340000000000001,0.0662650602409639,0.0647482014388489,1.004329004329
1,130,145,29.2,29.8,26.3,48,58.1,402,10,1.7,48.2,27,7.2,941,7.2,"Eiche",0.359999999999999,0.0645161290322581,0.0607142857142857,1.00416666666667
1,135,137,29.6,30.2,26.5,49.7,60.1,411,9,1.7,50,27,7.1,977,7.2,"Eiche",0.340000000000001,0.0616438356164384,0.0602836879432624,1.00603621730382
1,140,129,30,30.6,26.8,51.5,62.2,419,8,1.7,52,27,7,1012,7.2,"Eiche",0.359999999999999,0.0583941605839416,0.0596491228070175,1.00970873786408
1,145,121,30.4,31,27,53.2,64.2,427,7,1.7,54,27,6.9,1046,7.2,"Eiche",0.340000000000001,0.0546875,0.0592334494773519,1.01503759398496
1,150,115,30.7,31.3,27.2,55,66.2,434,7,1.6,56.1,27,6.8,1080,7.2,"Eiche",0.359999999999999,0.0573770491803279,0.0555555555555556,1.02
1,155,109,31.1,31.6,27.4,56.7,68.2,441,6,1.6,58.2,26,6.7,1113,7.2,"Eiche",0.340000000000001,0.0521739130434783,0.0551724137931035,1.02645502645503
1,160,103,31.4,31.9,27.7,58.4,70.2,448,6,1.6,60.1,26,6.6,1146,7.2,"Eiche",0.339999999999999,0.055045871559633,0.0546075085324232,1.0291095890411
1,165,98,31.7,32.2,27.8,60.1,72.1,454,5,1.6,61.7,26,6.5,1179,7.1,"Eiche",0.340000000000001,0.0485436893203883,0.054421768707483,1.02662229617304
1,170,93,32,32.5,28,61.8,74.1,460,5,1.5,63,26,6.4,1210,7.1,"Eiche",0.339999999999999,0.0510204081632653,0.0508474576271186,1.01941747572816
1,175,88,32.3,32.8,28,63.5,76.1,466,5,1.5,64,26,6.3,1242,7.1,"Eiche",0.340000000000001,0.0537634408602151,0.0508474576271186,1.00787401574803
1,180,84,32.6,33,28.1,65.2,78,471,4,1.5,65.1,26,6.2,1273,7.1,"Eiche",0.340000000000001,0.0454545454545455,0.0506756756756757,0.998466257668712
2,30,1838,9.2,10.6,11.8,9.1,11.3,34,721,1.9,5.8,9,5.2,54,1.8,"Eiche",NA,0.281750683860883,0.138686131386861,0.637362637362637
2,35,1415,10.8,12.2,13.4,11,13.4,53,423,1.9,7.6,10,5.9,84,2.4,"Eiche",0.38,0.230141458106638,0.124183006535948,0.690909090909091
2,40,1133,12.3,13.6,14.7,12.9,15.6,74,282,1.9,9.2,12,6.4,116,2.9,"Eiche",0.38,0.199293286219081,0.114457831325301,0.713178294573643
2,45,930,13.6,14.8,15.9,14.7,17.7,94,203,1.8,10.7,13,6.7,149,3.3,"Eiche",0.36,0.179170344218888,0.101694915254237,0.727891156462585
2,50,777,14.9,16,16.8,16.6,19.8,115,153,1.8,12.2,14,6.9,184,3.7,"Eiche",0.38,0.164516129032258,0.0967741935483871,0.734939759036145
2,55,659,16,17.1,17.6,18.4,21.9,135,118,1.8,13.8,15,7,219,4,"Eiche",0.359999999999999,0.151866151866152,0.0927835051546392,0.75
2,60,567,17.1,18.1,18.2,20.2,23.9,155,92,1.7,15.5,15,7,254,4.2,"Eiche",0.36,0.139605462822458,0.085427135678392,0.767326732673267
2,65,494,18.1,19,18.9,22.1,26,174,73,1.7,17.3,16,7,289,4.4,"Eiche",0.38,0.128747795414462,0.0825242718446602,0.782805429864253
2,70,435,19,19.9,19.5,23.9,28,192,58,1.7,19.3,17,7,324,4.6,"Eiche",0.359999999999999,0.117647058823529,0.080188679245283,0.807531380753138
2,75,388,19.8,20.7,20,25.6,30.1,210,47,1.7,21.4,18,7,359,4.8,"Eiche",0.340000000000001,0.108045977011494,0.0783410138248848,0.8359375
2,80,349,20.6,21.4,20.6,27.4,32.1,226,39,1.7,23.6,18,6.9,393,4.9,"Eiche",0.359999999999999,0.100515463917526,0.0762331838565022,0.861313868613139
2,85,317,21.4,22.1,21.2,29.2,34.1,242,33,1.7,25.6,19,6.9,428,5,"Eiche",0.36,0.0942857142857143,0.074235807860262,0.876712328767123
2,90,289,22,22.8,21.7,30.9,36.1,257,28,1.7,27.6,19,6.8,462,5.1,"Eiche",0.34,0.0883280757097792,0.0726495726495727,0.893203883495146
2,95,265,22.7,23.4,22.2,32.7,38.1,271,24,1.7,29.6,20,6.8,496,5.2,"Eiche",0.360000000000001,0.0830449826989619,0.0711297071129707,0.90519877675841
2,100,244,23.3,24,22.7,34.4,40,284,21,1.6,31.5,20,6.7,529,5.3,"Eiche",0.339999999999999,0.0792452830188679,0.065843621399177,0.915697674418605
2,105,225,23.9,24.5,23.1,36.2,42,297,19,1.6,33.4,21,6.6,563,5.4,"Eiche",0.360000000000001,0.0778688524590164,0.0647773279352227,0.922651933701657
2,110,208,24.4,25.1,23.5,37.9,43.9,309,17,1.6,35.4,21,6.6,595,5.4,"Eiche",0.339999999999999,0.0755555555555556,0.0637450199203187,0.934036939313984
2,115,194,24.9,25.6,23.9,39.6,45.9,320,15,1.6,37.3,21,6.5,628,5.5,"Eiche",0.340000000000001,0.0717703349282297,0.0627450980392157,0.941919191919192
2,120,181,25.4,26,24.2,41.3,47.8,331,13,1.6,39.3,21,6.4,660,5.5,"Eiche",0.339999999999999,0.0670103092783505,0.062015503875969,0.951573849878935
2,125,169,25.9,26.5,24.5,43,49.8,341,12,1.6,41.2,22,6.3,691,5.5,"Eiche",0.340000000000001,0.0662983425414365,0.0613026819923372,0.958139534883721
2,130,158,26.3,26.9,24.8,44.7,51.7,350,11,1.6,43,22,6.3,723,5.6,"Eiche",0.340000000000001,0.0650887573964497,0.0606060606060606,0.961968680089485
2,135,148,26.8,27.3,25.1,46.4,53.6,359,10,1.5,44.9,22,6.2,754,5.6,"Eiche",0.339999999999999,0.0632911392405063,0.056390977443609,0.967672413793103
2,140,139,27.2,27.6,25.3,48.1,55.5,368,9,1.5,46.8,22,6.1,784,5.6,"Eiche",0.340000000000001,0.0608108108108108,0.0559701492537313,0.972972972972973
2,145,131,27.5,28,25.6,49.8,57.4,376,8,1.5,48.9,22,6,814,5.6,"Eiche",0.339999999999999,0.0575539568345324,0.0553505535055351,0.981927710843373
2,150,124,27.9,28.3,25.8,51.5,59.3,384,7,1.5,51,22,6,844,5.6,"Eiche",0.340000000000001,0.0534351145038168,0.0549450549450549,0.990291262135922
2,155,117,28.2,28.7,26,53.2,61.2,391,7,1.5,53.1,22,5.9,873,5.6,"Eiche",0.340000000000001,0.0564516129032258,0.0545454545454545,0.99812030075188
2,160,111,28.6,29,26.2,54.8,63.1,398,6,1.5,55.1,22,5.8,903,5.6,"Eiche",0.319999999999999,0.0512820512820513,0.0541516245487365,1.00547445255474
2,165,105,28.9,29.3,26.4,56.5,65,405,6,1.5,56.7,22,5.8,931,5.6,"Eiche",0.340000000000001,0.0540540540540541,0.0537634408602151,1.00353982300885
2,170,100,29.2,29.6,26.5,58.2,66.8,411,5,1.4,58,22,5.7,960,5.6,"Eiche",0.340000000000001,0.0476190476190476,0.050179211469534,0.996563573883161
2,175,95,29.5,29.9,26.6,59.8,68.7,417,5,1.4,59.2,22,5.6,988,5.6,"Eiche",0.319999999999999,0.05,0.05,0.989966555183947
2,180,90,29.8,30.1,26.6,61.5,70.6,422,5,1.4,60.4,22,5.6,1016,5.6,"Eiche",0.340000000000001,0.0526315789473684,0.05,0.982113821138211
3,40,1428,9.8,10.9,13.3,10.9,12.5,39,409,1.2,6.1,6,4.1,57,1.4,"Eiche",NA,0.222645617855199,0.0827586206896552,0.559633027522936
3,45,1146,11.1,12.1,14.4,12.7,14.4,55,282,1.2,7.3,6,4.5,80,1.8,"Eiche",0.36,0.197478991596639,0.0769230769230769,0.574803149606299
3,50,941,12.2,13.2,15.3,14.4,16.3,72,205,1.2,8.4,7,4.8,104,2.1,"Eiche",0.34,0.178883071553229,0.0727272727272727,0.583333333333333
3,55,786,13.3,14.3,16.1,16.2,18.2,89,155,1.1,9.7,8,5,129,2.3,"Eiche",0.36,0.164718384697131,0.063953488372093,0.598765432098765
3,60,668,14.3,15.2,16.8,17.9,20,107,118,1.2,11.1,8,5.1,155,2.6,"Eiche",0.34,0.150127226463104,0.0666666666666667,0.620111731843575
3,65,576,15.3,16.1,17.4,19.6,21.9,124,92,1.2,12.7,9,5.2,181,2.8,"Eiche",0.340000000000001,0.137724550898204,0.0645161290322581,0.647959183673469
3,70,504,16.1,17,18,21.3,23.8,140,72,1.2,14.4,10,5.3,207,3,"Eiche",0.34,0.125,0.0625,0.676056338028169
3,75,446,17,17.7,18.6,23,25.6,157,58,1.2,16.3,10,5.3,234,3.1,"Eiche",0.34,0.115079365079365,0.0606060606060606,0.708695652173913
3,80,399,17.7,18.5,19.2,24.7,27.5,172,47,1.2,18.1,11,5.4,261,3.3,"Eiche",0.34,0.105381165919283,0.0588235294117647,0.732793522267207
3,85,360,18.5,19.2,19.7,26.4,29.3,187,39,1.2,20,12,5.4,288,3.4,"Eiche",0.34,0.0977443609022556,0.0574162679425837,0.757575757575758
3,90,326,19.2,19.8,20.3,28.1,31.2,202,33,1.2,21.9,12,5.4,315,3.5,"Eiche",0.340000000000001,0.0919220055710306,0.0558139534883721,0.779359430604982
3,95,298,19.8,20.4,20.8,29.8,33,216,29,1.3,23.7,13,5.4,341,3.6,"Eiche",0.34,0.0886850152905199,0.0588235294117647,0.795302013422819
3,100,273,20.4,21,21.2,31.5,34.8,229,25,1.3,25.5,14,5.4,368,3.7,"Eiche",0.34,0.0838926174496644,0.0577777777777778,0.80952380952381
3,105,251,21,21.5,21.7,33.2,36.7,241,22,1.3,27.4,14,5.3,395,3.8,"Eiche",0.340000000000001,0.0805860805860806,0.0565217391304348,0.825301204819277
3,110,232,21.5,22.1,22.1,34.8,38.5,253,19,1.3,29.3,15,5.3,421,3.8,"Eiche",0.319999999999999,0.0756972111553785,0.0555555555555556,0.841954022988506
3,115,215,22.1,22.6,22.4,36.5,40.3,265,17,1.3,31.2,15,5.3,448,3.9,"Eiche",0.340000000000001,0.0732758620689655,0.0548523206751055,0.854794520547945
3,120,200,22.5,23,22.8,38.1,42.1,276,15,1.3,33.1,15,5.3,474,4,"Eiche",0.32,0.0697674418604651,0.0539419087136929,0.868766404199475
3,125,186,23,23.5,23.1,39.8,43.9,286,14,1.3,34.9,16,5.2,500,4,"Eiche",0.339999999999999,0.07,0.0532786885245902,0.876884422110553
3,130,173,23.5,23.9,23.4,41.4,45.7,296,12,1.3,36.8,16,5.2,526,4,"Eiche",0.32,0.0648648648648649,0.0526315789473684,0.888888888888889
3,135,162,23.9,24.3,23.6,43.1,47.5,305,11,1.3,38.6,16,5.1,552,4.1,"Eiche",0.340000000000001,0.0635838150289017,0.0522088353413655,0.895591647331787
3,140,152,24.3,24.7,23.9,44.7,49.3,314,10,1.3,40.6,17,5.1,577,4.1,"Eiche",0.32,0.0617283950617284,0.0515873015873016,0.9082774049217
3,145,143,24.7,25,24.1,46.3,51.1,322,9,1.3,42.6,17,5.1,603,4.2,"Eiche",0.319999999999999,0.0592105263157895,0.0511811023622047,0.920086393088553
3,150,135,25.1,25.4,24.3,48,52.9,330,8,1.3,44.7,17,5,628,4.2,"Eiche",0.340000000000001,0.0559440559440559,0.05078125,0.93125
3,155,127,25.4,25.7,24.6,49.6,54.7,338,8,1.3,46.9,17,5,653,4.2,"Eiche",0.32,0.0592592592592593,0.0501930501930502,0.945564516129032
3,160,120,25.7,26,24.8,51.2,56.5,345,7,1.3,48.8,18,5,678,4.2,"Eiche",0.32,0.0551181102362205,0.0498084291187739,0.953125
3,165,114,26.1,26.4,24.9,52.8,58.3,352,6,1.3,50.5,18,4.9,702,4.3,"Eiche",0.319999999999999,0.05,0.049618320610687,0.956439393939394
3,170,108,26.4,26.7,25.1,54.4,60,358,6,1.3,51.9,18,4.9,727,4.3,"Eiche",0.32,0.0526315789473684,0.0492424242424242,0.954044117647059
3,175,102,26.7,26.9,25.1,56.1,61.8,365,6,1.3,53.2,18,4.8,751,4.3,"Eiche",0.340000000000001,0.0555555555555556,0.0492424242424242,0.948306595365419
3,180,96,27,27.2,25.2,57.7,63.6,371,5,1.3,54.4,18,4.8,775,4.3,"Eiche",0.32,0.0495049504950495,0.0490566037735849,0.942807625649913
4,40,1723,7.3,8.2,11.9,8.9,9.4,4,536,0.5,3,0,1.8,0,0,"Eiche",NA,0.237273129703409,0.0403225806451613,0.337078651685393
4,45,1362,8.6,9.4,12.9,10.7,11.1,16,361,0.6,3.9,0,2.3,11,0.3,"Eiche",0.36,0.209518282066164,0.0444444444444444,0.364485981308411
4,50,1105,9.5,10.4,13.8,12.2,12.8,29,257,0.6,4.6,0,2.7,24,0.5,"Eiche",0.3,0.188693098384728,0.0416666666666667,0.377049180327869
4,55,913,10.6,11.5,14.6,14,14.5,43,192,0.4,5.6,1,3,39,0.6,"Eiche",0.36,0.173755656108597,0.0266666666666667,0.4
4,60,769,11.5,12.3,15.4,15.6,16.1,59,144,0.7,6.7,1,3.2,56,1,"Eiche",0.32,0.157721796276013,0.0434782608695652,0.42948717948718
4,65,658,12.5,13.2,15.9,17.1,17.8,74,111,0.7,8.1,2,3.4,73,1.2,"Eiche",0.3,0.144343302990897,0.0421686746987952,0.473684210526316
4,70,573,13.2,14.1,16.5,18.7,19.6,88,86,0.7,9.5,3,3.6,90,1.4,"Eiche",0.32,0.130500758725341,0.0406976744186046,0.508021390374332
4,75,504,14.2,14.7,17.2,20.4,21.1,104,69,0.7,11.2,2,3.6,109,1.4,"Eiche",0.34,0.120418848167539,0.0391061452513966,0.549019607843137
4,80,449,14.8,15.6,17.8,22,22.9,118,55,0.7,12.6,4,3.9,129,1.7,"Eiche",0.32,0.109126984126984,0.0378378378378378,0.572727272727273
4,85,403,15.6,16.3,18.2,23.6,24.5,132,45,0.7,14.4,5,3.9,148,1.8,"Eiche",0.32,0.100446428571429,0.037037037037037,0.610169491525424
4,90,363,16.4,16.8,18.9,25.3,26.3,147,38,0.7,16.2,5,4,168,1.9,"Eiche",0.34,0.0947630922693267,0.0357142857142857,0.640316205533597
4,95,331,16.9,17.4,19.4,26.9,27.9,161,34,0.9,17.8,6,4,186,2,"Eiche",0.32,0.0931506849315069,0.0443349753694581,0.661710037174721
4,100,302,17.5,18,19.7,28.6,29.6,174,29,1,19.5,8,4.1,207,2.1,"Eiche",0.340000000000001,0.0876132930513595,0.0483091787439614,0.681818181818182
4,105,277,18.1,18.5,20.3,30.2,31.4,185,25,1,21.4,7,4,227,2.2,"Eiche",0.32,0.0827814569536424,0.0469483568075117,0.708609271523179
4,110,256,18.6,19.1,20.7,31.7,33.1,197,21,1,23.2,9,4,247,2.2,"Eiche",0.3,0.075812274368231,0.0460829493087558,0.73186119873817
4,115,236,19.3,19.6,20.9,33.4,34.7,210,19,1,25.1,9,4.1,268,2.3,"Eiche",0.34,0.0745098039215686,0.045662100456621,0.751497005988024
4,120,219,19.6,20,21.4,34.9,36.4,221,17,1,26.9,9,4.2,288,2.5,"Eiche",0.3,0.0720338983050847,0.0446428571428571,0.770773638968481
4,125,203,20.1,20.5,21.7,36.6,38,231,16,1,28.6,10,4.1,309,2.5,"Eiche",0.340000000000001,0.0730593607305936,0.0440528634361234,0.781420765027322
4,130,188,20.7,20.9,22,38.1,39.7,242,13,1,30.6,10,4.1,329,2.4,"Eiche",0.3,0.0646766169154229,0.0434782608695652,0.803149606299213
4,135,176,21,21.3,22.1,39.8,41.4,251,12,1.1,32.3,10,4,350,2.6,"Eiche",0.339999999999999,0.0638297872340425,0.0474137931034483,0.811557788944724
4,140,165,21.4,21.8,22.5,41.3,43.1,260,11,1.1,34.4,12,4.1,370,2.6,"Eiche",0.3,0.0625,0.0466101694915254,0.832929782082324
4,145,155,21.9,22,22.6,42.8,44.8,268,10,1.1,36.3,12,4.2,392,2.8,"Eiche",0.3,0.0606060606060606,0.0464135021097046,0.848130841121495
4,150,146,22.3,22.5,22.8,44.5,46.5,276,9,1.1,38.4,12,4,412,2.8,"Eiche",0.340000000000001,0.0580645161290323,0.0460251046025105,0.862921348314607
4,155,137,22.6,22.7,23.2,46,48.2,285,9,1.1,40.7,12,4.1,433,2.8,"Eiche",0.3,0.0616438356164384,0.0452674897119342,0.884782608695652
4,160,129,22.8,23,23.4,47.6,49.9,292,8,1.1,42.5,14,4.2,453,2.8,"Eiche",0.32,0.0583941605839416,0.0448979591836735,0.892857142857143
4,165,123,23.3,23.5,23.4,49.1,51.6,299,6,1.1,44.3,14,4,473,3,"Eiche",0.3,0.0465116279069767,0.0448979591836735,0.90224032586558
4,170,116,23.6,23.8,23.7,50.6,53.2,305,7,1.2,45.8,14,4.1,494,3,"Eiche",0.3,0.056910569105691,0.0481927710843374,0.905138339920948
4,175,109,23.9,23.9,23.6,52.4,54.9,313,7,1.2,47.2,14,4,514,3,"Eiche",0.359999999999999,0.0603448275862069,0.0483870967741935,0.900763358778626
4,180,102,24.2,24.3,23.8,53.9,56.6,320,5,1.2,48.4,14,4,534,3,"Eiche",0.3,0.0467289719626168,0.048,0.897959183673469
-1,20,1372,12.7,13.6,21.7,14.2,17.8,144,1137,5.7,8,33,19.4,195,9.8,"Fichte",NA,0.453168593064966,0.208029197080292,0.563380281690141
-1,25,835,16.6,17.5,26.3,20,22.9,212,537,5.6,11.5,43,22.1,305,12.2,"Fichte",1.16,0.391399416909621,0.175548589341693,0.575
-1,30,629,20.2,21.1,30.6,24.9,27.7,280,206,5.2,18,48,23.3,422,14.1,"Fichte",0.98,0.246706586826347,0.145251396648045,0.72289156626506
-1,35,568,23.4,24.3,34.4,27.8,32.2,349,61,4.9,32,50,23.8,541,15.5,"Fichte",0.58,0.0969793322734499,0.124681933842239,1.15107913669065
-1,40,524,26.2,27.1,37.7,30.3,36.4,417,44,4.5,36.1,51,23.7,660,16.5,"Fichte",0.5,0.0774647887323944,0.106635071090047,1.19141914191419
-1,45,471,28.6,29.6,40.5,33.1,40.2,482,52,4.2,32,51,23.4,777,17.3,"Fichte",0.56,0.0994263862332696,0.0939597315436242,0.966767371601208
-1,50,423,30.7,31.8,43,36,43.9,546,48,3.9,32.2,51,22.9,891,17.8,"Fichte",0.58,0.101910828025478,0.0831556503198294,0.894444444444444
-1,55,387,32.6,33.7,45.3,38.6,47.2,607,35,3.7,36.4,50,22.3,1003,18.2,"Fichte",0.52,0.0829383886255924,0.0755102040816327,0.94300518134715
-1,60,363,34.3,35.3,47.6,40.8,50.4,666,24,3.4,42.6,50,21.7,1111,18.5,"Fichte",0.439999999999999,0.062015503875969,0.0666666666666667,1.04411764705882
-1,65,346,35.7,36.8,49.8,42.8,53.4,722,18,3.2,48.5,49,21.1,1217,18.7,"Fichte",0.4,0.0494505494505494,0.060377358490566,1.13317757009346
-1,70,332,36.9,38,51.9,44.7,56.1,775,14,3.1,52.9,49,20.4,1319,18.8,"Fichte",0.380000000000001,0.0404624277456647,0.0563636363636364,1.1834451901566
-1,75,320,38,39.1,53.8,46.3,58.7,827,12,2.9,56.8,48,19.8,1418,18.9,"Fichte",0.319999999999999,0.036144578313253,0.0511463844797178,1.2267818574514
0,20,2161,9.8,10.7,16.8,9.9,14.4,85,1454,5.5,6.9,25,14.5,121,6.1,"Fichte",NA,0.402213001383126,0.246636771300448,0.696969696969697
0,25,1329,13.3,14.2,21.3,14.3,19.1,140,832,5.4,9.1,34,17.7,210,8.4,"Fichte",0.88,0.385006941230912,0.202247191011236,0.636363636363636
0,30,900,16.5,17.4,25.6,19,23.6,199,429,5,12.2,38,19.4,306,10.2,"Fichte",0.94,0.322799097065463,0.163398692810458,0.642105263157895
0,35,708,19.5,20.4,29.5,23,27.7,259,192,4.6,17.4,41,20.2,407,11.6,"Fichte",0.8,0.213333333333333,0.134897360703812,0.756521739130435
0,40,641,22.1,23.1,32.8,25.5,31.6,319,67,4.2,28.4,42,20.5,510,12.7,"Fichte",0.5,0.0946327683615819,0.113513513513514,1.11372549019608
0,45,604,24.5,25.4,35.6,27.4,35.2,379,37,4,37,42,20.4,612,13.6,"Fichte",0.38,0.0577223088923557,0.101010101010101,1.35036496350365
0,50,564,26.6,27.6,38.1,29.3,38.6,437,39,3.7,34.8,43,20.2,713,14.3,"Fichte",0.38,0.0646766169154229,0.0885167464114832,1.1877133105802
0,55,519,28.4,29.4,40.4,31.5,41.7,494,46,3.6,31.5,43,19.9,812,14.8,"Fichte",0.44,0.0814159292035398,0.0818181818181818,1
0,60,473,30,31.1,42.6,33.9,44.6,548,45,3.4,31,43,19.4,909,15.2,"Fichte",0.48,0.0868725868725869,0.0739130434782609,0.914454277286136
0,65,434,31.5,32.5,44.9,36.3,47.3,599,39,3.3,32.7,43,19,1004,15.4,"Fichte",0.48,0.0824524312896406,0.0684647302904564,0.900826446280992
0,70,404,32.8,33.8,47,38.5,49.9,649,31,3.1,36.1,43,18.5,1096,15.7,"Fichte",0.440000000000001,0.071264367816092,0.06187624750499,0.937662337662338
0,75,381,33.9,34.9,48.9,40.4,52.3,695,23,3,40.9,43,18,1186,15.8,"Fichte",0.38,0.0569306930693069,0.0578034682080925,1.01237623762376
0,80,363,34.9,36,50.4,42,54.5,740,17,2.9,46.3,43,17.5,1274,15.9,"Fichte",0.32,0.0447368421052632,0.0544090056285178,1.10238095238095
0,85,349,35.8,36.9,51.7,43.4,56.6,781,14,2.8,50.4,43,17,1359,16,"Fichte",0.28,0.0385674931129477,0.0513761467889908,1.16129032258065
0,90,336,36.6,37.7,52.9,44.7,58.6,821,13,2.8,52.1,43,16.5,1441,16,"Fichte",0.260000000000001,0.0372492836676218,0.0502692998204668,1.165548098434
0,95,324,37.3,38.4,54.1,46.1,60.4,858,13,2.7,52.3,43,16.1,1522,16,"Fichte",0.28,0.0385756676557863,0.0475352112676056,1.13449023861171
1,25,2211,10,10.9,16.4,9.7,15.3,80,1148,5.5,7.8,25,13.1,130,5.2,"Fichte",NA,0.341768383447455,0.251141552511416,0.804123711340206
1,30,1497,12.9,13.8,20.7,13.3,19.4,127,714,5,9.5,30,15.3,206,6.9,"Fichte",0.72,0.322930800542741,0.194552529182879,0.714285714285714
1,35,1083,15.6,16.5,24.5,17,23.2,177,414,4.5,11.7,32,16.6,289,8.3,"Fichte",0.74,0.276553106212425,0.155172413793103,0.688235294117647
1,40,863,18,19,27.8,20.3,26.8,230,220,4.1,15.3,34,17.2,375,9.4,"Fichte",0.66,0.203139427516159,0.128526645768025,0.753694581280788
1,45,755,20.3,21.2,30.6,22.7,30.1,282,108,3.8,21,34,17.4,462,10.3,"Fichte",0.48,0.125144843568946,0.11046511627907,0.92511013215859
1,50,705,22.3,23.3,33.1,24.4,33.2,334,49,3.5,30.2,35,17.4,550,11,"Fichte",0.34,0.0649867374005305,0.0956284153005464,1.23770491803279
1,55,669,24.1,25.1,35.4,26,36.1,385,36,3.4,34.5,36,17.3,636,11.6,"Fichte",0.32,0.051063829787234,0.0876288659793815,1.32692307692308
1,60,631,25.8,26.7,37.7,27.6,38.8,434,39,3.3,32.9,36,17.1,721,12,"Fichte",0.32,0.0582089552238806,0.0804878048780488,1.19202898550725
1,65,587,27.2,28.2,39.9,29.4,41.3,481,44,3.2,30.5,37,16.8,805,12.4,"Fichte",0.359999999999999,0.0697305863708399,0.074245939675174,1.03741496598639
1,70,542,28.5,29.5,42.1,31.4,43.6,525,45,3.1,29.8,38,16.4,887,12.7,"Fichte",0.4,0.0766609880749574,0.0685840707964602,0.949044585987261
1,75,501,29.7,30.7,43.9,33.4,45.8,567,41,3.1,30.8,38,16.1,967,12.9,"Fichte",0.4,0.0756457564575646,0.0659574468085106,0.922155688622755
1,80,466,30.7,31.8,45.4,35.2,47.8,606,35,3,32.9,39,15.7,1046,13.1,"Fichte",0.360000000000001,0.0698602794411178,0.0619834710743802,0.934659090909091
1,85,435,31.7,32.7,46.7,37,49.7,644,30,3,35.3,39,15.3,1122,13.2,"Fichte",0.359999999999999,0.0645161290322581,0.0603621730382294,0.954054054054054
1,90,409,32.5,33.6,47.9,38.6,51.5,678,27,2.9,37.4,40,14.9,1197,13.3,"Fichte",0.32,0.0619266055045872,0.0570866141732283,0.968911917098445
1,95,385,33.3,34.3,49.1,40.3,53.1,711,24,2.9,39.1,40,14.6,1270,13.4,"Fichte",0.339999999999999,0.058679706601467,0.0557692307692308,0.970223325062035
1,100,363,33.9,35,50.3,42,54.7,742,22,2.8,40.8,40,14.2,1341,13.4,"Fichte",0.340000000000001,0.0571428571428571,0.0527306967984934,0.971428571428571
1,105,344,34.6,35.6,51.3,43.6,56.2,771,20,2.8,42.3,41,13.9,1411,13.4,"Fichte",0.32,0.0549450549450549,0.0517560073937153,0.970183486238532
1,110,325,35.1,36.2,52.4,45.3,57.6,798,19,2.7,43.2,41,13.5,1478,13.4,"Fichte",0.339999999999999,0.0552325581395349,0.0490018148820327,0.95364238410596
2,30,2496,9.5,10.3,15.7,9,15.2,67,1006,5.3,8.2,23,11.2,118,3.9,"Fichte",NA,0.287264420331239,0.252380952380952,0.911111111111111
2,35,1816,11.9,12.7,19.6,11.7,18.7,106,680,4.7,9.3,25,12.8,183,5.2,"Fichte",0.54,0.272435897435897,0.193415637860082,0.794871794871795
2,40,1373,14.1,15,22.9,14.6,21.9,148,443,4.1,10.8,27,13.8,252,6.3,"Fichte",0.58,0.243942731277533,0.151851851851852,0.73972602739726
2,45,1100,16.2,17.1,25.7,17.2,25,192,273,3.7,13.1,28,14.3,323,7.2,"Fichte",0.52,0.198834668608886,0.125850340136054,0.761627906976744
2,50,940,18.1,19.1,28.2,19.5,27.8,237,160,3.4,16.5,28,14.6,396,7.9,"Fichte",0.46,0.145454545454545,0.107594936708861,0.846153846153846
2,55,850,19.9,20.8,30.5,21.4,30.4,281,90,3.2,21.4,29,14.7,470,8.5,"Fichte",0.38,0.0957446808510638,0.0949554896142433,1
2,60,791,21.5,22.5,32.7,23,32.9,324,59,3.1,26,30,14.6,543,9,"Fichte",0.32,0.0694117647058824,0.0865921787709497,1.1304347826087
2,65,745,23,23.9,35,24.5,35.1,365,46,3.1,29.1,31,14.5,615,9.5,"Fichte",0.3,0.0581542351453856,0.0813648293963255,1.18775510204082
2,70,703,24.3,25.3,37.1,25.9,37.2,404,41,3,30.6,32,14.3,686,9.8,"Fichte",0.28,0.0551075268817204,0.0748129675810474,1.18146718146718
2,75,664,25.5,26.5,39,27.4,39.2,441,40,3,31,33,14,757,10.1,"Fichte",0.3,0.0568181818181818,0.0714285714285714,1.13138686131387
2,80,624,26.6,27.6,40.5,28.7,41,476,40,3,31.1,34,13.8,826,10.3,"Fichte",0.26,0.0602409638554217,0.0689655172413793,1.08362369337979
2,85,584,27.6,28.6,41.8,30.2,42.7,508,40,3,31,35,13.5,893,10.5,"Fichte",0.3,0.0641025641025641,0.0669642857142857,1.02649006622517
2,90,544,28.4,29.5,43,31.7,44.3,538,40,3,30.8,36,13.2,959,10.7,"Fichte",0.3,0.0684931506849315,0.0652173913043478,0.971608832807571
2,95,505,29.2,30.3,44.2,33.4,45.8,566,39,3,31,37,13,1024,10.8,"Fichte",0.34,0.0716911764705882,0.0635593220338983,0.92814371257485
2,100,467,30,31,45.3,35.2,47.2,592,38,3,31.6,37,12.7,1088,10.9,"Fichte",0.360000000000001,0.0752475247524752,0.062111801242236,0.897727272727273
2,105,431,30.6,31.7,46.4,37,48.5,616,36,2.9,32.4,38,12.4,1150,10.9,"Fichte",0.359999999999999,0.0770877944325482,0.0588235294117647,0.875675675675676
2,110,398,31.2,32.3,47.4,39,49.7,639,34,2.9,33.3,38,12.1,1210,11,"Fichte",0.4,0.0787037037037037,0.0576540755467197,0.853846153846154
2,115,366,31.8,32.8,48.5,41.1,50.9,660,32,2.9,34,39,11.9,1270,11,"Fichte",0.42,0.0804020100502513,0.056420233463035,0.827250608272506
2,120,335,32.3,33.3,49.6,43.4,52,679,30,2.9,34.6,39,11.6,1328,11.1,"Fichte",0.459999999999999,0.0821917808219178,0.0552380952380952,0.797235023041475
3,40,2261,10.5,11.3,17.9,10.1,17,78,688,4.5,9.1,21,10.3,146,3.7,"Fichte",NA,0.233299423533401,0.200892857142857,0.900990099009901
3,45,1770,12.4,13.2,20.8,12.2,19.8,112,491,3.9,10,22,11.1,202,4.5,"Fichte",0.42,0.217160548429898,0.157894736842105,0.819672131147541
3,50,1428,14.2,15,23.2,14.4,22.3,147,342,3.5,11.4,23,11.7,260,5.2,"Fichte",0.44,0.193220338983051,0.131086142322097,0.791666666666667
3,55,1198,15.8,16.7,25.5,16.5,24.7,184,230,3.2,13.3,24,11.9,320,5.8,"Fichte",0.42,0.161064425770308,0.111498257839721,0.806060606060606
3,60,1049,17.4,18.3,27.8,18.4,26.9,219,150,3.1,16.1,24,12.1,380,6.3,"Fichte",0.38,0.125104253544621,0.100323624595469,0.875
3,65,953,18.8,19.7,30.1,20,29,254,95,3,20,26,12.1,441,6.8,"Fichte",0.32,0.0906488549618321,0.0906344410876133,1
3,70,893,20.1,21.1,32.2,21.4,30.9,287,60,3,25,27,12,501,7.2,"Fichte",0.28,0.0629590766002099,0.0852272727272727,1.16822429906542
3,75,832,21.3,22.3,34,22.8,32.6,319,61,2.9,24.8,28,11.9,560,7.5,"Fichte",0.28,0.0683090705487122,0.0785907859078591,1.08771929824561
3,80,784,22.4,23.4,35.6,24,34.2,348,48,3,27.9,30,11.8,619,7.7,"Fichte",0.24,0.0576923076923077,0.077720207253886,1.1625
3,85,741,23.5,24.4,36.9,25.2,35.8,375,43,3,29.7,31,11.6,677,8,"Fichte",0.24,0.0548469387755102,0.075187969924812,1.17857142857143
3,90,699,24.4,25.4,38.1,26.3,37.2,401,43,3,29.9,32,11.4,735,8.2,"Fichte",0.22,0.0579514824797844,0.072992700729927,1.13688212927757
3,95,655,25.2,26.2,39.3,27.6,38.5,424,44,3,29.4,33,11.2,791,8.3,"Fichte",0.26,0.0629470672389127,0.0709219858156028,1.06521739130435
3,100,609,26,27,40.4,29.1,39.7,445,45,3,29.1,34,11,846,8.5,"Fichte",0.3,0.0688073394495413,0.0691244239631336,1
3,105,564,26.7,27.7,41.5,30.6,40.9,465,46,3,28.9,34,10.8,900,8.6,"Fichte",0.3,0.0754098360655738,0.0674157303370786,0.944444444444444
3,110,518,27.4,28.4,42.5,32.3,41.9,483,46,3,28.8,35,10.6,953,8.7,"Fichte",0.339999999999999,0.0815602836879433,0.0659340659340659,0.891640866873065
3,115,472,28,29,43.6,34.3,42.9,500,46,3,28.7,35,10.4,1005,8.7,"Fichte",0.4,0.0888030888030888,0.0643776824034335,0.836734693877551
3,120,426,28.5,29.5,44.6,36.5,43.9,515,46,3,28.7,36,10.2,1057,8.8,"Fichte",0.440000000000001,0.0974576271186441,0.0630252100840336,0.786301369863014
4,40,3149,6.9,7.6,12.9,5.6,12.1,8,933,4.9,7.4,15,6.8,40,1.1,"Fichte",NA,0.228564429201372,0.275280898876405,1.32142857142857
4,45,2440,8.6,9.3,15.9,7.2,14.6,32,709,4.1,6.9,16,7.9,81,1.8,"Fichte",0.32,0.225150841536996,0.205,0.958333333333333
4,50,1916,10.3,10.9,18.2,9.3,16.8,57,524,3.6,6.3,18,8.8,124,2.5,"Fichte",0.42,0.214754098360656,0.165137614678899,0.67741935483871
4,55,1546,11.7,12.6,20.5,11.6,19,87,370,3.2,5.2,19,9.1,170,3.1,"Fichte",0.46,0.193110647181628,0.135021097046414,0.448275862068966
4,60,1307,13.3,14.1,22.9,13.8,20.9,114,241,3.1,6.2,18,9.6,217,3.6,"Fichte",0.44,0.155684754521964,0.119230769230769,0.449275362318841
4,65,1161,14.6,15.5,25.2,15.5,22.9,143,144,2.9,10.9,21,9.7,267,4.1,"Fichte",0.34,0.110344827586207,0.103202846975089,0.703225806451613
4,70,1083,15.9,16.9,27.3,16.9,24.6,170,79,3,19.4,22,9.7,316,4.6,"Fichte",0.28,0.067986230636833,0.099009900990099,1.14792899408284
4,75,1000,17.1,18.1,29,18.2,26,197,82,2.8,18.6,23,9.8,363,4.9,"Fichte",0.26,0.0757855822550832,0.0880503144654088,1.02197802197802
4,80,944,18.2,19.2,30.7,19.3,27.4,220,56,3,24.7,26,9.8,412,5.1,"Fichte",0.22,0.056,0.0890207715133531,1.27979274611399
4,85,898,19.4,20.2,32,20.2,28.9,242,46,3,28.4,27,9.7,461,5.5,"Fichte",0.18,0.048728813559322,0.0857142857142857,1.40594059405941
4,90,854,20.4,21.3,33.2,20.9,30.1,264,46,3,29,28,9.6,511,5.7,"Fichte",0.14,0.0511111111111111,0.0828729281767956,1.38755980861244
4,95,805,21.2,22.1,34.4,21.8,31.2,282,49,3,27.8,29,9.4,558,5.8,"Fichte",0.18,0.0573770491803279,0.0802139037433155,1.27522935779817
4,100,751,22,23,35.5,23,32.2,298,52,3,26.6,31,9.3,604,6.1,"Fichte",0.24,0.0647571606475716,0.0779220779220779,1.15652173913043
4,105,697,22.8,23.7,36.6,24.2,33.3,314,56,3.1,25.4,30,9.2,650,6.3,"Fichte",0.24,0.0743691899070385,0.0780856423173804,1.0495867768595
4,110,638,23.6,24.5,37.6,25.6,34.1,327,58,3.1,24.3,32,9.1,696,6.4,"Fichte",0.28,0.0833333333333333,0.0761670761670762,0.94921875
4,115,578,24.2,25.2,38.7,27.5,34.9,340,60,3.1,23.4,31,8.9,740,6.4,"Fichte",0.38,0.0940438871473354,0.0741626794258373,0.850909090909091
4,120,517,24.7,25.7,39.6,29.6,35.8,351,62,3.1,22.8,33,8.8,786,6.5,"Fichte",0.42,0.107081174438687,0.072599531615925,0.77027027027027
-1,20,2424,11.9,13.2,21.1,10.5,13.8,113,1784,14.6,10.2,89,26.6,202,10.1,"Kiefer",NA,0.423954372623574,0.408963585434174,0.971428571428571
-1,25,1509,14.6,15.9,24.5,14,17.4,155,914,11.4,12.6,81,24.5,325,13,"Kiefer",0.7,0.37721832439125,0.317548746518106,0.9
-1,30,1045,17.2,18.4,27.1,17.5,21,195,464,9,15.7,72,22.3,436,14.5,"Kiefer",0.7,0.307488402915838,0.249307479224377,0.897142857142857
-1,35,742,19.5,20.7,29.2,21.5,24.5,232,303,7.2,17.4,64,20.3,538,15.4,"Kiefer",0.8,0.289952153110048,0.197802197802198,0.809302325581395
-1,40,576,21.6,22.8,30.8,25.1,27.9,268,166,5.9,21.4,57,18.6,631,15.8,"Kiefer",0.72,0.223719676549865,0.160762942779292,0.852589641434263
-1,45,479,23.5,24.7,32.2,28.1,31.2,302,97,5,25.6,52,17.1,716,15.9,"Kiefer",0.6,0.168402777777778,0.134408602150538,0.911032028469751
-1,50,417,25.2,26.5,33.3,30.7,34.5,334,62,4.3,29.6,47,15.8,795,15.9,"Kiefer",0.52,0.129436325678497,0.11436170212766,0.964169381107492
-1,55,373,26.8,28,34.2,33,37.7,364,44,3.7,32.8,43,14.7,868,15.8,"Kiefer",0.46,0.105515587529976,0.0976253298153034,0.993939393939394
-1,60,340,28.2,29.5,34.9,35.1,40.7,393,33,3.3,35.4,40,13.7,937,15.6,"Kiefer",0.42,0.0884718498659517,0.0863874345549738,1.00854700854701
-1,65,313,29.5,30.8,35.5,37.1,43.7,420,27,2.9,37.2,37,12.8,1001,15.4,"Kiefer",0.4,0.0794117647058823,0.0755208333333333,1.00269541778976
-1,70,291,30.7,31.9,36,38.9,46.7,447,22,2.6,38.8,34,12.1,1061,15.2,"Kiefer",0.359999999999999,0.0702875399361022,0.0673575129533679,0.997429305912596
-1,75,272,31.8,33,36.4,40.7,49.5,471,18,2.4,40.6,32,11.4,1118,14.9,"Kiefer",0.360000000000001,0.0620689655172414,0.0618556701030928,0.997542997542997
-1,80,257,32.8,34,36.7,42.3,52.3,495,15,2.2,42.8,30,10.8,1172,14.7,"Kiefer",0.319999999999999,0.0551470588235294,0.0565552699228792,1.01182033096927
-1,85,245,33.6,34.8,36.9,43.7,55.1,517,13,2,45.2,29,10.2,1223,14.4,"Kiefer",0.280000000000001,0.0503875968992248,0.051413881748072,1.03432494279176
-1,90,234,34.4,35.6,37.1,45,57.7,539,11,1.9,47.5,27,9.7,1272,14.1,"Kiefer",0.259999999999999,0.0448979591836735,0.0487179487179487,1.05555555555556
0,20,3404,10.1,11.4,18.3,8.5,13.1,96,2163,12.3,8.5,67,21.3,162,8.1,"Kiefer",NA,0.388539608406682,0.401960784313726,1
0,25,2196,12.6,13.9,21.8,11.2,16.5,133,1207,10.3,10.4,65,20.4,264,10.6,"Kiefer",0.54,0.354687040846312,0.320872274143302,0.928571428571429
0,30,1515,14.8,16.1,24.5,14,19.8,167,682,8.4,12.5,60,19,359,12,"Kiefer",0.56,0.310423304506145,0.25531914893617,0.892857142857143
0,35,1132,16.9,18.2,26.6,16.8,22.9,200,383,7,15.2,55,17.6,447,12.8,"Kiefer",0.56,0.252805280528053,0.208333333333333,0.904761904761905
0,40,850,18.8,20.1,28.4,20,26,230,282,5.9,16.3,51,16.3,529,13.2,"Kiefer",0.64,0.249116607773852,0.17201166180758,0.815
0,45,680,20.5,21.8,29.8,22.9,28.9,259,170,5.1,19.5,47,15.2,605,13.4,"Kiefer",0.58,0.2,0.146131805157593,0.851528384279476
0,50,574,22.1,23.4,31,25.5,31.8,287,107,4.4,22.9,43,14.2,675,13.5,"Kiefer",0.52,0.15712187958884,0.124293785310734,0.898039215686274
0,55,503,23.6,24.8,32.1,27.7,34.6,313,71,3.9,26.3,40,13.3,742,13.5,"Kiefer",0.44,0.123693379790941,0.108333333333333,0.949458483754513
0,60,451,24.9,26.1,32.9,29.6,37.3,338,51,3.5,29.3,37,12.5,804,13.4,"Kiefer",0.38,0.101593625498008,0.0961538461538462,0.989864864864865
0,65,412,26.1,27.3,33.6,31.4,39.9,361,39,3.1,31.7,35,11.7,863,13.3,"Kiefer",0.359999999999999,0.0864745011086474,0.0844686648501362,1.00955414012739
0,70,380,27.1,28.4,34.2,33.2,42.4,384,32,2.8,33.6,33,11.1,918,13.1,"Kiefer",0.360000000000001,0.0776699029126214,0.0756756756756757,1.01204819277108
0,75,354,28.1,29.3,34.7,34.8,44.9,405,26,2.6,35.5,31,10.5,971,12.9,"Kiefer",0.319999999999999,0.068421052631579,0.0697050938337802,1.02011494252874
0,80,332,29,30.2,35.1,36.3,47.3,426,22,2.4,37.6,30,10,1021,12.8,"Kiefer",0.3,0.0621468926553672,0.064,1.03581267217631
0,85,315,29.8,31,35.5,37.6,49.6,445,18,2.2,39.9,28,9.5,1069,12.6,"Kiefer",0.260000000000001,0.0540540540540541,0.0583554376657825,1.06117021276596
0,90,299,30.5,31.7,35.7,38.8,51.9,464,15,2.1,42,27,9.1,1114,12.4,"Kiefer",0.239999999999999,0.0477707006369427,0.0555555555555556,1.08247422680412
0,95,286,31.2,32.4,35.9,39.9,54.1,481,13,2,43.8,26,8.7,1158,12.2,"Kiefer",0.22,0.0434782608695652,0.0527704485488127,1.09774436090226
0,100,275,31.8,33,36.1,40.9,56.3,498,11,1.9,45.4,25,8.3,1199,12,"Kiefer",0.2,0.0384615384615385,0.05,1.11002444987775
0,105,265,32.3,33.5,36.2,41.9,58.4,514,10,1.8,47,24,8,1239,11.8,"Kiefer",0.2,0.0363636363636364,0.0473684210526316,1.12171837708831
0,110,256,32.8,34,36.2,42.8,60.4,530,9,1.7,48.6,23,7.7,1278,11.6,"Kiefer",0.18,0.0339622641509434,0.0448548812664908,1.13551401869159
0,115,248,33.3,34.5,36.3,43.7,62.4,544,8,1.6,49.7,22,7.4,1315,11.4,"Kiefer",0.180000000000001,0.03125,0.0422163588390501,1.13729977116705
0,120,240,33.7,34.9,36.2,44.5,64.4,558,8,1.5,50.5,22,7.1,1350,11.3,"Kiefer",0.159999999999999,0.032258064516129,0.0397877984084881,1.13483146067416
1,25,3141,10.5,11.8,18.6,8.9,15.3,107,1543,8.8,8.5,49,16.4,156,6.2,"Kiefer",NA,0.329419299743809,0.321167883211679,0.955056179775281
1,30,2195,12.5,13.8,21.4,11.2,18.3,137,947,7.7,10.2,49,15.7,234,7.8,"Kiefer",0.46,0.301400381922342,0.264604810996564,0.910714285714286
1,35,1609,14.4,15.6,23.7,13.6,21.1,165,586,6.6,12,46,14.9,309,8.8,"Kiefer",0.48,0.266970387243736,0.217821782178218,0.88235294117647
1,40,1245,16.1,17.3,25.6,16,23.8,191,364,5.8,14.2,44,14,379,9.5,"Kiefer",0.48,0.226227470478558,0.184713375796178,0.8875
1,45,1018,17.6,18.9,27.1,18.1,26.3,216,227,5,16.8,41,13.2,445,9.9,"Kiefer",0.42,0.182329317269076,0.155763239875389,0.92817679558011
1,50,829,19,20.3,28.4,20.5,28.8,239,188,4.5,17.4,39,12.4,507,10.1,"Kiefer",0.48,0.184857423795477,0.13677811550152,0.848780487804878
1,55,703,20.3,21.6,29.5,22.7,31.2,261,126,4,20.1,37,11.8,566,10.3,"Kiefer",0.44,0.151990349819059,0.119402985074627,0.885462555066079
1,60,615,21.5,22.8,30.5,24.7,33.5,282,88,3.6,22.8,35,11.1,622,10.4,"Kiefer",0.4,0.125177809388336,0.105571847507331,0.923076923076923
1,65,550,22.6,23.8,31.3,26.5,35.8,302,65,3.3,25.4,33,10.6,674,10.4,"Kiefer",0.36,0.105691056910569,0.0953757225433526,0.958490566037736
1,70,500,23.5,24.8,32,28.1,37.9,321,50,3,27.8,31,10.1,725,10.4,"Kiefer",0.32,0.0909090909090909,0.0857142857142857,0.98932384341637
1,75,461,24.4,25.7,32.6,29.6,40,340,39,2.8,30.1,30,9.6,773,10.3,"Kiefer",0.3,0.078,0.0790960451977401,1.01689189189189
1,80,430,25.2,26.5,33.1,31,42.1,357,31,2.6,32.4,28,9.2,818,10.2,"Kiefer",0.28,0.0672451193058568,0.072829131652661,1.04516129032258
1,85,405,26,27.2,33.5,32.3,44,374,25,2.4,34.8,27,8.8,862,10.1,"Kiefer",0.259999999999999,0.0581395348837209,0.0668523676880223,1.07739938080495
1,90,383,26.6,27.9,33.9,33.4,45.9,389,21,2.3,36.9,26,8.4,904,10,"Kiefer",0.22,0.051980198019802,0.06353591160221,1.10479041916168
1,95,365,27.2,28.5,34.2,34.4,47.8,405,18,2.1,38.7,25,8.1,945,9.9,"Kiefer",0.2,0.0469973890339426,0.0578512396694215,1.125
1,100,349,27.8,29,34.5,35.4,49.6,419,16,2,40.4,24,7.8,983,9.8,"Kiefer",0.2,0.0438356164383562,0.0547945205479452,1.14124293785311
1,105,335,28.3,29.5,34.7,36.3,51.3,433,14,1.9,42,23,7.5,1021,9.7,"Kiefer",0.18,0.0401146131805158,0.0519125683060109,1.15702479338843
1,110,323,28.7,29.9,34.8,37.2,53,446,12,1.9,43.6,23,7.2,1057,9.6,"Kiefer",0.180000000000001,0.0358208955223881,0.0517711171662125,1.17204301075269
1,115,312,29.1,30.3,35,38,54.7,459,11,1.8,44.7,22,7,1092,9.5,"Kiefer",0.159999999999999,0.0340557275541796,0.0489130434782609,1.17631578947368
1,120,301,29.5,30.7,35,38.8,56.3,471,10,1.7,45.6,21,6.7,1125,9.4,"Kiefer",0.159999999999999,0.0321543408360129,0.0463215258855586,1.17525773195876
2,30,3310,10.2,11.5,17.9,8.7,16.4,105,1259,6.4,8.1,35,12.4,140,4.7,"Kiefer",NA,0.275552637338586,0.263374485596708,0.931034482758621
2,35,2471,11.8,13.1,20.2,10.6,18.9,129,839,6,9.5,36,12.1,200,5.7,"Kiefer",0.38,0.253474320241692,0.229007633587786,0.89622641509434
2,40,1904,13.3,14.6,22.2,12.4,21.2,151,566,5.4,11,36,11.6,258,6.5,"Kiefer",0.36,0.22914979757085,0.195652173913043,0.887096774193548
2,45,1520,14.7,16,23.8,14.3,23.4,172,385,4.9,12.7,35,11.1,314,7,"Kiefer",0.38,0.202099737532808,0.170731707317073,0.888111888111888
2,50,1257,15.9,17.2,25.2,16.1,25.5,192,263,4.4,14.6,33,10.6,367,7.3,"Kiefer",0.36,0.173026315789474,0.148648648648649,0.906832298136646
2,55,1075,17.1,18.4,26.5,17.8,27.6,210,181,4,16.8,32,10.1,418,7.6,"Kiefer",0.34,0.144108280254777,0.131147540983607,0.943820224719101
2,60,914,18.1,19.4,27.5,19.6,29.5,228,161,3.7,17,31,9.7,466,7.8,"Kiefer",0.36,0.149767441860465,0.118589743589744,0.86734693877551
2,65,795,19.1,20.4,28.4,21.4,31.4,244,119,3.4,19.1,30,9.3,513,7.9,"Kiefer",0.359999999999999,0.13019693654267,0.106918238993711,0.892523364485981
2,70,705,20,21.2,29.2,23,33.2,260,90,3.1,21.1,28,8.9,557,8,"Kiefer",0.32,0.113207547169811,0.0959752321981424,0.917391304347826
2,75,636,20.8,22,29.9,24.5,35,275,69,2.9,23.2,27,8.5,600,8,"Kiefer",0.3,0.0978723404255319,0.0884146341463415,0.946938775510204
2,80,582,21.5,22.7,30.6,25.9,36.7,290,54,2.7,25.5,26,8.2,640,8,"Kiefer",0.28,0.0849056603773585,0.0810810810810811,0.984555984555985
2,85,540,22.1,23.4,31.1,27.2,38.3,304,42,2.6,27.9,25,7.9,680,8,"Kiefer",0.26,0.0721649484536082,0.0771513353115727,1.02573529411765
2,90,506,22.7,24,31.6,28.3,39.9,317,34,2.4,30.2,25,7.6,718,8,"Kiefer",0.22,0.062962962962963,0.0705882352941176,1.06713780918728
2,95,477,23.3,24.5,32,29.3,41.4,330,28,2.3,32.3,24,7.3,754,7.9,"Kiefer",0.2,0.0554455445544554,0.0670553935860058,1.10238907849829
2,100,453,23.8,25,32.3,30.3,42.8,342,24,2.2,34.2,23,7.1,790,7.9,"Kiefer",0.2,0.050314465408805,0.063768115942029,1.12871287128713
2,105,432,24.2,25.4,32.6,31.2,44.3,354,21,2.1,36,22,6.8,824,7.8,"Kiefer",0.18,0.0463576158940397,0.0605187319884726,1.15384615384615
2,110,414,24.6,25.8,32.9,32,45.7,365,18,2,37.7,22,6.6,857,7.8,"Kiefer",0.16,0.0416666666666667,0.0573065902578797,1.178125
2,115,398,25,26.2,33.1,32.8,47,376,16,1.9,39.1,21,6.4,889,7.7,"Kiefer",0.159999999999999,0.0386473429951691,0.0542857142857143,1.19207317073171
2,120,383,25.3,26.5,33.3,33.5,48.3,386,15,1.9,40.2,21,6.2,920,7.7,"Kiefer",0.140000000000001,0.0376884422110553,0.0539772727272727,1.2
3,40,3023,10.6,11.9,18.1,9.5,18.3,112,820,4.7,8.5,26,9.1,138,3.4,"Kiefer",NA,0.213374967473328,0.206140350877193,0.894736842105263
3,45,2428,11.8,13.1,19.8,10.9,20.2,129,596,4.4,9.8,27,8.9,182,4.1,"Kiefer",0.28,0.197089947089947,0.181818181818182,0.89908256880734
3,50,1991,12.9,14.2,21.3,12.4,21.9,145,437,4.2,11,27,8.6,225,4.5,"Kiefer",0.3,0.17998352553542,0.164705882352941,0.887096774193548
3,55,1668,13.9,15.1,22.7,13.8,23.6,161,323,3.9,12.4,27,8.4,267,4.9,"Kiefer",0.28,0.162230035158212,0.146616541353383,0.898550724637681
3,60,1428,14.8,16.1,23.8,15.2,25.2,175,240,3.6,13.9,26,8.1,308,5.1,"Kiefer",0.28,0.143884892086331,0.131386861313869,0.914473684210526
3,65,1247,15.6,16.9,24.8,16.5,26.8,189,181,3.4,15.5,25,7.8,347,5.3,"Kiefer",0.26,0.126750700280112,0.120567375886525,0.93939393939394
3,70,1110,16.4,17.7,25.7,17.8,28.3,202,137,3.2,17.2,25,7.5,384,5.5,"Kiefer",0.26,0.109863672814755,0.110726643598616,0.966292134831461
3,75,1005,17.1,18.4,26.5,18.9,29.7,214,105,3,19.1,24,7.3,421,5.6,"Kiefer",0.22,0.0945945945945946,0.101694915254237,1.01058201058201
3,80,902,17.7,19,27.3,20.2,31,226,104,2.8,18.7,23,7,456,5.7,"Kiefer",0.26,0.10337972166998,0.0930232558139535,0.925742574257426
3,85,819,18.3,19.6,27.9,21.4,32.4,237,82,2.7,20.5,23,6.8,490,5.8,"Kiefer",0.24,0.0910099889012209,0.0882352941176471,0.957943925233645
3,90,753,18.8,20.1,28.5,22.5,33.6,248,66,2.6,22.2,22,6.6,523,5.8,"Kiefer",0.22,0.0805860805860806,0.0836012861736334,0.986666666666667
3,95,699,19.3,20.6,29,23.6,34.8,258,54,2.5,24,22,6.4,555,5.8,"Kiefer",0.22,0.0717131474103586,0.0793650793650794,1.01694915254237
3,100,653,19.7,21,29.4,24.5,36,268,45,2.4,25.7,21,6.2,586,5.9,"Kiefer",0.18,0.0644699140401146,0.0754716981132075,1.04897959183673
3,105,615,20.1,21.4,29.9,25.4,37.2,277,38,2.3,27.4,21,6,616,5.9,"Kiefer",0.18,0.0581929555895865,0.0714285714285714,1.07874015748032
3,110,582,20.5,21.7,30.2,26.2,38.3,287,33,2.2,29.1,20,5.9,645,5.9,"Kiefer",0.16,0.0536585365853659,0.0679012345679012,1.11068702290076
3,115,554,20.8,22.1,30.6,27,39.3,295,28,2.1,30.6,20,5.7,674,5.9,"Kiefer",0.16,0.0481099656357388,0.0642201834862385,1.13333333333333
3,120,529,21.1,22.4,30.8,27.8,40.4,304,25,2,31.9,19,5.5,701,5.8,"Kiefer",0.16,0.0451263537906137,0.0609756097560976,1.14748201438849
4,40,4142,7.9,9.2,14,6.6,15.4,73,1074,4,6,16,6.6,18,0.3,"Kiefer",NA,0.20590490797546,0.222222222222222,0.909090909090909
4,45,3336,8.9,10.2,15.8,7.5,17,86,807,3.9,6.9,19,6.7,50,1.2,"Kiefer",0.18,0.194786386676322,0.197969543147208,0.92
4,50,2725,9.9,11.2,17.4,8.7,18.3,98,611,4,7.4,21,6.6,83,1.7,"Kiefer",0.24,0.183153477218225,0.186915887850467,0.850574712643678
4,55,2261,10.7,11.8,18.9,9.8,19.6,112,465,3.8,8,22,6.7,116,2.2,"Kiefer",0.22,0.170579603815114,0.167400881057269,0.816326530612245
4,60,1942,11.5,12.8,20.1,10.8,20.9,122,319,3.5,10.8,21,6.5,150,2.4,"Kiefer",0.2,0.14108801415303,0.148305084745763,1
4,65,1699,12.1,13.4,21.2,11.6,22.2,134,243,3.4,11.9,20,6.3,181,2.7,"Kiefer",0.16,0.125128733264676,0.138211382113821,1.02586206896552
4,70,1515,12.8,14.2,22.2,12.6,23.4,144,184,3.3,13.3,22,6.1,211,3,"Kiefer",0.2,0.108298999411418,0.129411764705882,1.05555555555556
4,75,1374,13.4,14.8,23.1,13.3,24.4,153,141,3.1,15,21,6.1,242,3.2,"Kiefer",0.14,0.0930693069306931,0.118320610687023,1.12781954887218
4,80,1222,13.9,15.3,24,14.5,25.3,162,154,2.9,11.9,20,5.8,272,3.4,"Kiefer",0.24,0.111918604651163,0.107806691449814,0.820689655172414
4,85,1098,14.5,15.8,24.7,15.6,26.5,170,122,2.8,13.1,21,5.7,300,3.6,"Kiefer",0.22,0.1,0.101818181818182,0.83974358974359
4,90,1000,14.9,16.2,25.4,16.7,27.3,179,98,2.8,14.2,19,5.6,328,3.6,"Kiefer",0.22,0.0892531876138433,0.099290780141844,0.850299401197605
4,95,921,15.3,16.7,26,17.9,28.2,186,80,2.7,15.7,20,5.5,356,3.7,"Kiefer",0.24,0.0799200799200799,0.0940766550522648,0.877094972067039
4,100,853,15.6,17,26.5,18.7,29.2,194,66,2.6,17.2,19,5.3,382,3.9,"Kiefer",0.16,0.0718171926006529,0.0893470790378007,0.919786096256685
4,105,798,16,17.4,27.2,19.6,30.1,200,55,2.5,18.8,20,5.2,408,4,"Kiefer",0.18,0.0644783118405627,0.0841750841750842,0.959183673469388
4,110,750,16.4,17.6,27.5,20.4,30.9,209,48,2.4,20.5,18,5.2,433,4,"Kiefer",0.159999999999999,0.0601503759398496,0.0802675585284281,1.00490196078431
4,115,710,16.6,18,28.1,21.2,31.6,214,40,2.3,22.1,19,5,459,4.1,"Kiefer",0.16,0.0533333333333333,0.0756578947368421,1.04245283018868
4,120,675,16.9,18.3,28.3,22.1,32.5,222,35,2.1,23.6,17,4.8,482,3.9,"Kiefer",0.18,0.0492957746478873,0.069078947368421,1.06787330316742
